<?xml version="1.0" encoding="UTF-8"?>
<ListBucketResult xmlns="http://s3.amazonaws.com/doc/2006-03-01/"><Name>smartapp-icons</Name><Prefix></Prefix><Marker></Marker><MaxKeys>1000</MaxKeys><IsTruncated>false</IsTruncated><Contents><Key>Allstate/</Key><LastModified>2012-11-07T21:22:00.000Z</LastModified><ETag>&quot;d41d8cd98f00b204e9800998ecf8427e&quot;</ETag><Size>0</Size><StorageClass>STANDARD</StorageClass></Contents><Contents><Key>Allstate/0allstateBanner.jpg</Key><LastModified>2014-05-02T19:16:20.000Z</LastModified><ETag>&quot;e9b40f6663498e46b2ce992318024d3c&quot;</ETag><Size>34654</Size><StorageClass>STANDARD</StorageClass></Contents><Contents><Key>Allstate/App-PremiumBanner.png</Key><LastModified>2012-11-09T03:10:47.000Z</LastModified><ETag>&quot;d076b3b4f120ca7b35adbdfe88d49196&quot;</ETag><Size>4869</Size><StorageClass>STANDARD</StorageClass></Contents><Contents><Key>Allstate/close_it_for_me.png</Key><LastModified>2013-05-10T15:23:59.000Z</LastModified><ETag>&quot;29614da8698f9bfd64a81f2be1b37689&quot;</ETag><Size>6870</Size><StorageClass>STANDARD</StorageClass></Contents><Contents><Key>Allstate/close_it_for_me@2x.png</Key><LastModified>2013-05-10T15:24:00.000Z</LastModified><ETag>&quot;da6b1a55da9bcf6b39678481d9cfd3ef&quot;</ETag><Size>15745</Size><StorageClass>STANDARD</StorageClass></Contents><Contents><Key>Allstate/it_moved.png</Key><LastModified>2013-05-10T15:24:01.000Z</LastModified><ETag>&quot;41ac5d8fe56a98a3961bb0e40d135bac&quot;</ETag><Size>7205</Size><StorageClass>STANDARD</StorageClass></Contents><Contents><Key>Allstate/it_moved@2x.png</Key><LastModified>2013-05-10T15:24:01.000Z</LastModified><ETag>&quot;65f0e515f7c0873688d1e54bd4e69e0c&quot;</ETag><Size>19683</Size><StorageClass>STANDARD</StorageClass></Contents><Contents><Key>Allstate/it_opened.png</Key><LastModified>2013-05-10T15:24:02.000Z</LastModified><ETag>&quot;1781cf2a7b52a11f1f89fe8f85a1d083&quot;</ETag><Size>6493</Size><StorageClass>STANDARD</StorageClass></Contents><Contents><Key>Allstate/it_opened@2x.png</Key><LastModified>2013-05-10T15:24:03.000Z</LastModified><ETag>&quot;e56d38e25bc27f43acef2c72ca47c632&quot;</ETag><Size>17767</Size><StorageClass>STANDARD</StorageClass></Contents><Contents><Key>Allstate/its_getting_cold.png</Key><LastModified>2013-05-10T15:24:04.000Z</LastModified><ETag>&quot;38f838377bec22e46351aecee99ed197&quot;</ETag><Size>7397</Size><StorageClass>STANDARD</StorageClass></Contents><Contents><Key>Allstate/its_getting_cold@2x.png</Key><LastModified>2013-05-10T15:24:05.000Z</LastModified><ETag>&quot;800b2ef241c2ef1036240aa7cd4a6760&quot;</ETag><Size>21439</Size><StorageClass>STANDARD</StorageClass></Contents><Contents><Key>Allstate/its_too_hot.png</Key><LastModified>2013-05-10T15:24:05.000Z</LastModified><ETag>&quot;2ce5a85a8b210be4181ecea2d2283cd4&quot;</ETag><Size>6954</Size><StorageClass>STANDARD</StorageClass></Contents><Contents><Key>Allstate/its_too_hot@2x.png</Key><LastModified>2013-05-10T15:24:06.000Z</LastModified><ETag>&quot;b0a86239b655cf806bf8a4413f387378&quot;</ETag><Size>20095</Size><StorageClass>STANDARD</StorageClass></Contents><Contents><Key>Allstate/left_it_on.png</Key><LastModified>2013-05-10T15:24:08.000Z</LastModified><ETag>&quot;f9b2cf70193bef8790c6ffd1dca64c20&quot;</ETag><Size>6693</Size><StorageClass>STANDARD</StorageClass></Contents><Contents><Key>Allstate/left_it_on@2x.png</Key><LastModified>2013-05-10T15:24:08.000Z</LastModified><ETag>&quot;6b4c97d231d71728301705d8237bbdb1&quot;</ETag><Size>18298</Size><StorageClass>STANDARD</StorageClass></Contents><Contents><Key>Allstate/left_it_open.png</Key><LastModified>2013-05-10T15:24:10.000Z</LastModified><ETag>&quot;1bde1c60723462b4b971127a2ebfafeb&quot;</ETag><Size>6754</Size><StorageClass>STANDARD</StorageClass></Contents><Contents><Key>Allstate/left_it_open@2x.png</Key><LastModified>2013-05-10T15:24:10.000Z</LastModified><ETag>&quot;fe5bb56dbf0210ec9caf5a6b43f3040a&quot;</ETag><Size>15745</Size><StorageClass>STANDARD</StorageClass></Contents><Contents><Key>Allstate/lock_it_when_i_leave.png</Key><LastModified>2013-05-10T15:24:11.000Z</LastModified><ETag>&quot;4c9105ab5305c1dea868f80464707af4&quot;</ETag><Size>7261</Size><StorageClass>STANDARD</StorageClass></Contents><Contents><Key>Allstate/lock_it_when_i_leave@2x.png</Key><LastModified>2013-05-10T15:24:12.000Z</LastModified><ETag>&quot;f3faf60a0313db5872635fbe45408e18&quot;</ETag><Size>21109</Size><StorageClass>STANDARD</StorageClass></Contents><Contents><Key>Allstate/moisture_detected.png</Key><LastModified>2013-05-10T15:24:13.000Z</LastModified><ETag>&quot;236aa6c4c224bf1279a3975ca786e44e&quot;</ETag><Size>7753</Size><StorageClass>STANDARD</StorageClass></Contents><Contents><Key>Allstate/moisture_detected@2x.png</Key><LastModified>2013-05-10T15:24:14.000Z</LastModified><ETag>&quot;bede544f46e9162eb24f5bb249028ac5&quot;</ETag><Size>24635</Size><StorageClass>STANDARD</StorageClass></Contents><Contents><Key>Allstate/motion_detected.png</Key><LastModified>2013-05-10T15:24:15.000Z</LastModified><ETag>&quot;8643a5c7223581d49e7b01b6819b6b80&quot;</ETag><Size>7401</Size><StorageClass>STANDARD</StorageClass></Contents><Contents><Key>Allstate/motion_detected@2x.png</Key><LastModified>2013-05-10T15:24:15.000Z</LastModified><ETag>&quot;f1f0bd33610f660529d9fa96612b0ae1&quot;</ETag><Size>21222</Size><StorageClass>STANDARD</StorageClass></Contents><Contents><Key>Allstate/open_it_for_me.png</Key><LastModified>2013-05-10T15:24:16.000Z</LastModified><ETag>&quot;2abe9d7013524e353d90fde915c7386b&quot;</ETag><Size>6924</Size><StorageClass>STANDARD</StorageClass></Contents><Contents><Key>Allstate/open_it_for_me@2x.png</Key><LastModified>2013-05-10T15:24:17.000Z</LastModified><ETag>&quot;73a30f59c5fb483e0050284c9cc7a628&quot;</ETag><Size>15743</Size><StorageClass>STANDARD</StorageClass></Contents><Contents><Key>Allstate/power_allowance.png</Key><LastModified>2013-05-10T15:24:17.000Z</LastModified><ETag>&quot;e9fb6244375dad02f66450476ef421ee&quot;</ETag><Size>6286</Size><StorageClass>STANDARD</StorageClass></Contents><Contents><Key>Allstate/power_allowance@2x.png</Key><LastModified>2013-05-10T15:24:18.000Z</LastModified><ETag>&quot;6897c45b8ca0b79157d1da1ffd8b451e&quot;</ETag><Size>16580</Size><StorageClass>STANDARD</StorageClass></Contents><Contents><Key>Allstate/quality_family_time.png</Key><LastModified>2013-05-10T15:24:19.000Z</LastModified><ETag>&quot;52432be11d45b92788f67bc4ba004319&quot;</ETag><Size>7480</Size><StorageClass>STANDARD</StorageClass></Contents><Contents><Key>Allstate/quality_family_time@2x.png</Key><LastModified>2013-05-10T15:24:19.000Z</LastModified><ETag>&quot;0bb237f9b962400d47542c1b42d035da&quot;</ETag><Size>20085</Size><StorageClass>STANDARD</StorageClass></Contents><Contents><Key>Allstate/save_energy_save_money.png</Key><LastModified>2013-05-10T15:24:20.000Z</LastModified><ETag>&quot;7ca432de9a8488ea28b854599f797053&quot;</ETag><Size>7713</Size><StorageClass>STANDARD</StorageClass></Contents><Contents><Key>Allstate/save_energy_save_money@2x.png</Key><LastModified>2013-05-10T15:24:21.000Z</LastModified><ETag>&quot;75300786b0e7cb5815c081f7ed75124d&quot;</ETag><Size>23172</Size><StorageClass>STANDARD</StorageClass></Contents><Contents><Key>Beta/</Key><LastModified>2013-10-08T19:05:58.000Z</LastModified><ETag>&quot;d41d8cd98f00b204e9800998ecf8427e&quot;</ETag><Size>0</Size><StorageClass>STANDARD</StorageClass></Contents><Contents><Key>Beta/Cat-Beta.png</Key><LastModified>2014-04-23T03:10:56.000Z</LastModified><ETag>&quot;3135e87bf4790548587e231a53260299&quot;</ETag><Size>1550</Size><StorageClass>STANDARD</StorageClass></Contents><Contents><Key>Beta/Cat-Beta@2x.png</Key><LastModified>2014-04-23T03:10:57.000Z</LastModified><ETag>&quot;aeb16b027a19a4757d117445f2e8ef75&quot;</ETag><Size>1981</Size><StorageClass>STANDARD</StorageClass></Contents><Contents><Key>Beta/Cat-Beta@3x.png</Key><LastModified>2014-10-24T16:40:09.000Z</LastModified><ETag>&quot;dc7f6b8d4ae4d7231ecec2ff8311220a&quot;</ETag><Size>2405</Size><StorageClass>STANDARD</StorageClass></Contents><Contents><Key>Categories/</Key><LastModified>2015-01-05T17:36:43.000Z</LastModified><ETag>&quot;d41d8cd98f00b204e9800998ecf8427e&quot;</ETag><Size>0</Size><StorageClass>STANDARD</StorageClass></Contents><Contents><Key>Categories/cameras.png</Key><LastModified>2015-01-05T17:40:55.000Z</LastModified><ETag>&quot;a47e5ae55438be1d0040235d913e5735&quot;</ETag><Size>2071</Size><StorageClass>STANDARD</StorageClass></Contents><Contents><Key>Categories/cameras@2x.png</Key><LastModified>2015-01-05T17:40:55.000Z</LastModified><ETag>&quot;2103426a0f5dcaa9f47c2afc7ca1ed7c&quot;</ETag><Size>2568</Size><StorageClass>STANDARD</StorageClass></Contents><Contents><Key>Categories/damageAndDanger.png</Key><LastModified>2015-01-05T17:40:55.000Z</LastModified><ETag>&quot;38a81beddedfb519cb1de5e3c114696a&quot;</ETag><Size>1969</Size><StorageClass>STANDARD</StorageClass></Contents><Contents><Key>Categories/damageAndDanger@2x.png</Key><LastModified>2015-01-05T17:40:55.000Z</LastModified><ETag>&quot;25b36401a66011cbca8775e5b95c62f3&quot;</ETag><Size>2439</Size><StorageClass>STANDARD</StorageClass></Contents><Contents><Key>Categories/doorsAndLocks.png</Key><LastModified>2015-01-05T17:40:55.000Z</LastModified><ETag>&quot;050173972e1cca25ca5208538edaca62&quot;</ETag><Size>1715</Size><StorageClass>STANDARD</StorageClass></Contents><Contents><Key>Categories/doorsAndLocks@2x.png</Key><LastModified>2015-01-05T17:40:55.000Z</LastModified><ETag>&quot;dc7d5e7f383574fb7c4f4e6a06919ed3&quot;</ETag><Size>1986</Size><StorageClass>STANDARD</StorageClass></Contents><Contents><Key>Categories/heatingAndCooling.png</Key><LastModified>2015-01-05T17:40:56.000Z</LastModified><ETag>&quot;3bde14369a4bc54fa4afefeae165562b&quot;</ETag><Size>1878</Size><StorageClass>STANDARD</StorageClass></Contents><Contents><Key>Categories/heatingAndCooling@2x.png</Key><LastModified>2015-01-05T17:40:56.000Z</LastModified><ETag>&quot;b0cb9ff74280b32d05808965dbc7bb37&quot;</ETag><Size>2457</Size><StorageClass>STANDARD</StorageClass></Contents><Contents><Key>Categories/lightsAndSwitches.png</Key><LastModified>2015-01-05T17:40:56.000Z</LastModified><ETag>&quot;ddd0975c9492280660d4a7e08b037e3e&quot;</ETag><Size>2048</Size><StorageClass>STANDARD</StorageClass></Contents><Contents><Key>Categories/lightsAndSwitches@2x.png</Key><LastModified>2015-01-05T17:40:56.000Z</LastModified><ETag>&quot;59bf722783592f6df8bd7b0c01b042e8&quot;</ETag><Size>2391</Size><StorageClass>STANDARD</StorageClass></Contents><Contents><Key>Categories/presence.png</Key><LastModified>2015-01-05T17:40:56.000Z</LastModified><ETag>&quot;bb42aed784b766b390fc32a61c014d31&quot;</ETag><Size>2080</Size><StorageClass>STANDARD</StorageClass></Contents><Contents><Key>Categories/presence@2x.png</Key><LastModified>2015-01-05T17:40:56.000Z</LastModified><ETag>&quot;bf6e1a6ebb4d18ea3e26e391b4ac9ae5&quot;</ETag><Size>2691</Size><StorageClass>STANDARD</StorageClass></Contents><Contents><Key>Connections/</Key><LastModified>2014-04-23T21:10:56.000Z</LastModified><ETag>&quot;d41d8cd98f00b204e9800998ecf8427e&quot;</ETag><Size>0</Size><StorageClass>STANDARD</StorageClass></Contents><Contents><Key>Connections/Cat-Connections.png</Key><LastModified>2014-04-23T21:11:16.000Z</LastModified><ETag>&quot;3ec4850863f6e94fc4eb939e545d4aee&quot;</ETag><Size>1939</Size><StorageClass>STANDARD</StorageClass></Contents><Contents><Key>Connections/Cat-Connections@2x.png</Key><LastModified>2014-04-23T21:11:16.000Z</LastModified><ETag>&quot;f5479e205b5cce35e1942081f93f25e8&quot;</ETag><Size>2859</Size><StorageClass>STANDARD</StorageClass></Contents><Contents><Key>Connections/Cat-Connections@3x.png</Key><LastModified>2014-10-24T16:40:28.000Z</LastModified><ETag>&quot;20cdacba63e7514041c4704ccf3881b0&quot;</ETag><Size>4552</Size><StorageClass>STANDARD</StorageClass></Contents><Contents><Key>Convenience/</Key><LastModified>2012-09-04T04:19:43.000Z</LastModified><ETag>&quot;d41d8cd98f00b204e9800998ecf8427e&quot;</ETag><Size>0</Size><StorageClass>STANDARD</StorageClass></Contents><Contents><Key>Convenience/App-BigButtonsAndSwitches.png</Key><LastModified>2012-10-02T15:45:19.000Z</LastModified><ETag>&quot;fe63652b0a121e438f2aa17ea1e052bd&quot;</ETag><Size>5612</Size><StorageClass>STANDARD</StorageClass></Contents><Contents><Key>Convenience/App-BigButtonsAndSwitches@2x.png</Key><LastModified>2012-10-02T15:45:18.000Z</LastModified><ETag>&quot;0a259c43a670067b3a764cb59745f419&quot;</ETag><Size>14017</Size><StorageClass>STANDARD</StorageClass></Contents><Contents><Key>Convenience/App-ItsLeaking.png</Key><LastModified>2012-09-04T04:20:44.000Z</LastModified><ETag>&quot;0307178fc61194efc38019aa65c33ab1&quot;</ETag><Size>7026</Size><StorageClass>STANDARD</StorageClass></Contents><Contents><Key>Convenience/App-ItsLeaking@2x.png</Key><LastModified>2012-09-04T04:20:45.000Z</LastModified><ETag>&quot;5ef841d8f26308caa89d54bbd090cbc4&quot;</ETag><Size>18880</Size><StorageClass>STANDARD</StorageClass></Contents><Contents><Key>Convenience/App-LetMyFriendsIn.png</Key><LastModified>2012-09-05T20:25:31.000Z</LastModified><ETag>&quot;65891532428c59b73586647d8e488ac6&quot;</ETag><Size>6929</Size><StorageClass>STANDARD</StorageClass></Contents><Contents><Key>Convenience/App-LetMyFriendsIn@2x.png</Key><LastModified>2012-09-05T20:25:32.000Z</LastModified><ETag>&quot;78744266a815467d8cc4392da02e655b&quot;</ETag><Size>21360</Size><StorageClass>STANDARD</StorageClass></Contents><Contents><Key>Convenience/App-LightUpMyWorld.png</Key><LastModified>2012-09-04T04:20:46.000Z</LastModified><ETag>&quot;9be08ee148938112e97faecec0850588&quot;</ETag><Size>8245</Size><StorageClass>STANDARD</StorageClass></Contents><Contents><Key>Convenience/App-LightUpMyWorld@2x.png</Key><LastModified>2012-09-04T04:20:47.000Z</LastModified><ETag>&quot;455d103b5ad4d028e8e8d86c3e45aece&quot;</ETag><Size>24188</Size><StorageClass>STANDARD</StorageClass></Contents><Contents><Key>Convenience/App-LightUpWhenOpened.png</Key><LastModified>2012-10-02T16:04:30.000Z</LastModified><ETag>&quot;a9e720eeacf3c86bab7b84f4b25b4cf8&quot;</ETag><Size>3438</Size><StorageClass>STANDARD</StorageClass></Contents><Contents><Key>Convenience/App-LightUpWhenOpened@2x.png</Key><LastModified>2012-10-02T16:04:30.000Z</LastModified><ETag>&quot;fd149199f1b8951c2548da95ee666638&quot;</ETag><Size>6744</Size><StorageClass>STANDARD</StorageClass></Contents><Contents><Key>Convenience/App-MailboxMonitor.png</Key><LastModified>2012-10-02T15:45:18.000Z</LastModified><ETag>&quot;2318a4fd5f229512119c540a3c11da88&quot;</ETag><Size>7838</Size><StorageClass>STANDARD</StorageClass></Contents><Contents><Key>Convenience/App-MailboxMonitor@2x.png</Key><LastModified>2012-10-02T15:45:18.000Z</LastModified><ETag>&quot;a487b47f9383006b69bc071a450fce9b&quot;</ETag><Size>25046</Size><StorageClass>STANDARD</StorageClass></Contents><Contents><Key>Convenience/App-NotifyWhenNotHere.png</Key><LastModified>2012-10-02T15:51:41.000Z</LastModified><ETag>&quot;f309c2d1f3bd2611c3875352d8e8695f&quot;</ETag><Size>3111</Size><StorageClass>STANDARD</StorageClass></Contents><Contents><Key>Convenience/App-NotifyWhenNotHere@2x.png</Key><LastModified>2012-10-02T15:51:40.000Z</LastModified><ETag>&quot;af66e4f0961fd9cf7050d14112be9dd1&quot;</ETag><Size>6001</Size><StorageClass>STANDARD</StorageClass></Contents><Contents><Key>Convenience/App-PipesLeaksAndFloods.png</Key><LastModified>2012-09-05T20:25:35.000Z</LastModified><ETag>&quot;388f9d4f9eeb3ecd4a7d4a914aa21adb&quot;</ETag><Size>7918</Size><StorageClass>STANDARD</StorageClass></Contents><Contents><Key>Convenience/App-PipesLeaksAndFloods@2x.png</Key><LastModified>2012-09-05T20:25:36.000Z</LastModified><ETag>&quot;1a5e3dbea50080e40cf26b4ae8a1e4cb&quot;</ETag><Size>25255</Size><StorageClass>STANDARD</StorageClass></Contents><Contents><Key>Convenience/App-SmartMessages.png</Key><LastModified>2012-09-05T20:25:40.000Z</LastModified><ETag>&quot;bee82d73bf782b361dff7129434ac697&quot;</ETag><Size>6226</Size><StorageClass>STANDARD</StorageClass></Contents><Contents><Key>Convenience/App-SmartMessages@2x.png</Key><LastModified>2012-09-05T20:25:41.000Z</LastModified><ETag>&quot;de3fbe2be0f5824c1f8026d969df3d09&quot;</ETag><Size>20445</Size><StorageClass>STANDARD</StorageClass></Contents><Contents><Key>Convenience/App-SmarterMorningCoffee.png</Key><LastModified>2012-09-05T20:25:37.000Z</LastModified><ETag>&quot;2da113a3618a6b0bdb87acabf4ea4137&quot;</ETag><Size>4859</Size><StorageClass>STANDARD</StorageClass></Contents><Contents><Key>Convenience/App-SmarterMorningCoffee@2x.png</Key><LastModified>2012-09-05T20:25:38.000Z</LastModified><ETag>&quot;96e833ef1898b4bb2a7cf20d4e09e757&quot;</ETag><Size>12108</Size><StorageClass>STANDARD</StorageClass></Contents><Contents><Key>Convenience/App-Trapped.png</Key><LastModified>2012-09-05T20:25:41.000Z</LastModified><ETag>&quot;21d7e943408cce2d70de4a6509c4def0&quot;</ETag><Size>7003</Size><StorageClass>STANDARD</StorageClass></Contents><Contents><Key>Convenience/App-Trapped@2x.png</Key><LastModified>2012-09-05T20:25:41.000Z</LastModified><ETag>&quot;f53f83e3edb161c298b6bec87d601de8&quot;</ETag><Size>21413</Size><StorageClass>STANDARD</StorageClass></Contents><Contents><Key>Convenience/App-YourLightsAreOff.png</Key><LastModified>2012-09-05T20:25:41.000Z</LastModified><ETag>&quot;c62952873436941695a6ccdb57b69e9e&quot;</ETag><Size>4377</Size><StorageClass>STANDARD</StorageClass></Contents><Contents><Key>Convenience/App-YourLightsAreOff@2x.png</Key><LastModified>2012-09-05T20:25:42.000Z</LastModified><ETag>&quot;face77d1a9f193c6060df9666221cd55&quot;</ETag><Size>11710</Size><StorageClass>STANDARD</StorageClass></Contents><Contents><Key>Convenience/Cat-Convenience.png</Key><LastModified>2014-04-23T14:56:39.000Z</LastModified><ETag>&quot;cf53a887948911f330a27d2a875fa577&quot;</ETag><Size>3197</Size><StorageClass>STANDARD</StorageClass></Contents><Contents><Key>Convenience/Cat-Convenience@2x.png</Key><LastModified>2014-04-23T14:56:40.000Z</LastModified><ETag>&quot;9fbeaf262cfec0807b38c999fcf11356&quot;</ETag><Size>4476</Size><StorageClass>STANDARD</StorageClass></Contents><Contents><Key>Demo/</Key><LastModified>2012-11-09T13:57:55.000Z</LastModified><ETag>&quot;d41d8cd98f00b204e9800998ecf8427e&quot;</ETag><Size>0</Size><StorageClass>STANDARD</StorageClass></Contents><Contents><Key>Demo/App-PremiumBanner.png</Key><LastModified>2013-05-08T20:14:33.000Z</LastModified><ETag>&quot;989e2e1c80c7deecbad3aae7c1f59651&quot;</ETag><Size>4923</Size><StorageClass>STANDARD</StorageClass></Contents><Contents><Key>Demo/ThingStore.png</Key><LastModified>2012-11-09T17:47:55.000Z</LastModified><ETag>&quot;b93e3b90e670087dc500f3ac7640f865&quot;</ETag><Size>706875</Size><StorageClass>STANDARD</StorageClass></Contents><Contents><Key>Demo/ThingStoreBar.png</Key><LastModified>2012-11-09T14:05:16.000Z</LastModified><ETag>&quot;865e0b39a4de1d1692cba6f24391dac8&quot;</ETag><Size>23728</Size><StorageClass>STANDARD</StorageClass></Contents><Contents><Key>Developers/</Key><LastModified>2014-06-13T18:49:52.000Z</LastModified><ETag>&quot;d41d8cd98f00b204e9800998ecf8427e&quot;</ETag><Size>0</Size><StorageClass>STANDARD</StorageClass></Contents><Contents><Key>Developers/ObyThingSTLogo.png</Key><LastModified>2014-10-07T20:04:52.000Z</LastModified><ETag>&quot;c367b942d1b7e1e152461b3f24a9d93f&quot;</ETag><Size>4409</Size><StorageClass>STANDARD</StorageClass></Contents><Contents><Key>Developers/ObyThingSTLogo@2x.png</Key><LastModified>2014-10-07T20:04:53.000Z</LastModified><ETag>&quot;b967cb7dad0cf1dcdd19d4eed79f1719&quot;</ETag><Size>8804</Size><StorageClass>STANDARD</StorageClass></Contents><Contents><Key>Developers/dry-the-wet-spot.png</Key><LastModified>2014-06-13T18:57:17.000Z</LastModified><ETag>&quot;5e04e74ef9164350f4efe97ec7b0dfba&quot;</ETag><Size>5706</Size><StorageClass>STANDARD</StorageClass></Contents><Contents><Key>Developers/dry-the-wet-spot@2x.png</Key><LastModified>2014-06-13T18:57:18.000Z</LastModified><ETag>&quot;148bf1b6749b7d851f59b58b2a2cfc3b&quot;</ETag><Size>17212</Size><StorageClass>STANDARD</StorageClass></Contents><Contents><Key>Developers/nfc-mode-switcher.png</Key><LastModified>2014-07-29T19:31:51.000Z</LastModified><ETag>&quot;ba7291b69beb21b641b391875b21fe41&quot;</ETag><Size>3843</Size><StorageClass>STANDARD</StorageClass></Contents><Contents><Key>Developers/nfc-mode-switcher@2x.png</Key><LastModified>2014-07-29T19:31:53.000Z</LastModified><ETag>&quot;05606b1da1d3958adf701db0895c8dd1&quot;</ETag><Size>5055</Size><StorageClass>STANDARD</StorageClass></Contents><Contents><Key>Developers/nfc-phrase-executor.png</Key><LastModified>2014-07-29T19:31:54.000Z</LastModified><ETag>&quot;ba7291b69beb21b641b391875b21fe41&quot;</ETag><Size>3843</Size><StorageClass>STANDARD</StorageClass></Contents><Contents><Key>Developers/nfc-phrase-executor@2x.png</Key><LastModified>2014-07-29T19:31:55.000Z</LastModified><ETag>&quot;05606b1da1d3958adf701db0895c8dd1&quot;</ETag><Size>5055</Size><StorageClass>STANDARD</StorageClass></Contents><Contents><Key>Developers/nfc-tag-executor.png</Key><LastModified>2014-07-29T19:31:56.000Z</LastModified><ETag>&quot;ba7291b69beb21b641b391875b21fe41&quot;</ETag><Size>3843</Size><StorageClass>STANDARD</StorageClass></Contents><Contents><Key>Developers/nfc-tag-executor@2x.png</Key><LastModified>2014-07-29T19:31:57.000Z</LastModified><ETag>&quot;05606b1da1d3958adf701db0895c8dd1&quot;</ETag><Size>5055</Size><StorageClass>STANDARD</StorageClass></Contents><Contents><Key>Developers/smart-light-timer.png</Key><LastModified>2014-10-30T18:44:42.000Z</LastModified><ETag>&quot;27113e2d39ad7be47eef14603c104e92&quot;</ETag><Size>3374</Size><StorageClass>STANDARD</StorageClass></Contents><Contents><Key>Developers/smart-light-timer@2x.png</Key><LastModified>2014-10-30T18:44:44.000Z</LastModified><ETag>&quot;48d2e648d5fa5b31f468f6c6880f290a&quot;</ETag><Size>6464</Size><StorageClass>STANDARD</StorageClass></Contents><Contents><Key>Developers/smart-windows.png</Key><LastModified>2014-06-13T18:57:20.000Z</LastModified><ETag>&quot;5afd291343cee7322986116aea81dfff&quot;</ETag><Size>6672</Size><StorageClass>STANDARD</StorageClass></Contents><Contents><Key>Developers/smart-windows@2x.png</Key><LastModified>2014-06-13T18:57:21.000Z</LastModified><ETag>&quot;b30adb8c35923ce5f02ac297efe2fc4c&quot;</ETag><Size>19398</Size><StorageClass>STANDARD</StorageClass></Contents><Contents><Key>Developers/whole-house-fan.png</Key><LastModified>2014-06-13T18:57:21.000Z</LastModified><ETag>&quot;eb31572c0fbfcaab909c68fa0d112378&quot;</ETag><Size>9102</Size><StorageClass>STANDARD</StorageClass></Contents><Contents><Key>Developers/whole-house-fan@2x.png</Key><LastModified>2014-06-13T18:57:22.000Z</LastModified><ETag>&quot;03c71d524bdb4ec5d694a8cadc6ce462&quot;</ETag><Size>27404</Size><StorageClass>STANDARD</StorageClass></Contents><Contents><Key>Family/</Key><LastModified>2012-09-04T04:19:49.000Z</LastModified><ETag>&quot;d41d8cd98f00b204e9800998ecf8427e&quot;</ETag><Size>0</Size><StorageClass>STANDARD</StorageClass></Contents><Contents><Key>Family/App-BedroomOptimizer.png</Key><LastModified>2012-09-04T04:21:02.000Z</LastModified><ETag>&quot;0c12b3168d1a11442ab9729af7da81dc&quot;</ETag><Size>7808</Size><StorageClass>STANDARD</StorageClass></Contents><Contents><Key>Family/App-BedroomOptimizer@2x.png</Key><LastModified>2012-09-04T04:21:04.000Z</LastModified><ETag>&quot;9bd572da410208c163c583834d7d75de&quot;</ETag><Size>23939</Size><StorageClass>STANDARD</StorageClass></Contents><Contents><Key>Family/App-ElderCare.png</Key><LastModified>2012-09-04T04:21:05.000Z</LastModified><ETag>&quot;a876308819aecc4124ae51a02df097ce&quot;</ETag><Size>7963</Size><StorageClass>STANDARD</StorageClass></Contents><Contents><Key>Family/App-ElderCare@2x.png</Key><LastModified>2012-09-04T04:21:06.000Z</LastModified><ETag>&quot;24d4855694b6223245da2c615e3407d9&quot;</ETag><Size>21253</Size><StorageClass>STANDARD</StorageClass></Contents><Contents><Key>Family/App-GameSystemLockdown.png</Key><LastModified>2012-09-04T04:21:07.000Z</LastModified><ETag>&quot;5ca665e9bb1840fa7c014e129a115a1f&quot;</ETag><Size>4793</Size><StorageClass>STANDARD</StorageClass></Contents><Contents><Key>Family/App-GameSystemLockdown@2x.png</Key><LastModified>2012-09-04T04:21:08.000Z</LastModified><ETag>&quot;8761c03e78e31ba6033f468178e18da4&quot;</ETag><Size>11499</Size><StorageClass>STANDARD</StorageClass></Contents><Contents><Key>Family/App-HabitHelper.png</Key><LastModified>2012-09-04T04:21:09.000Z</LastModified><ETag>&quot;5cbd78d2821596e2d06bf365879ccb4d&quot;</ETag><Size>7568</Size><StorageClass>STANDARD</StorageClass></Contents><Contents><Key>Family/App-HabitHelper@2x.png</Key><LastModified>2012-09-04T04:21:10.000Z</LastModified><ETag>&quot;904a248244ba740d8fdbd015f885fca2&quot;</ETag><Size>23155</Size><StorageClass>STANDARD</StorageClass></Contents><Contents><Key>Family/App-IMadeIt.png</Key><LastModified>2012-09-04T04:21:11.000Z</LastModified><ETag>&quot;3633ebac1d36d19293d1948f1ea79c96&quot;</ETag><Size>6401</Size><StorageClass>STANDARD</StorageClass></Contents><Contents><Key>Family/App-IMadeIt@2x.png</Key><LastModified>2012-09-04T04:21:13.000Z</LastModified><ETag>&quot;9e3d42b9dedd93f542175e42efa84e5b&quot;</ETag><Size>21082</Size><StorageClass>STANDARD</StorageClass></Contents><Contents><Key>Family/App-PhoneMinder.png</Key><LastModified>2012-09-04T04:21:13.000Z</LastModified><ETag>&quot;39818d0617b5a06fffc6543dbe5af8a7&quot;</ETag><Size>8945</Size><StorageClass>STANDARD</StorageClass></Contents><Contents><Key>Family/App-PhoneMinder@2x.png</Key><LastModified>2012-09-04T04:21:14.000Z</LastModified><ETag>&quot;399670c8e13cd72974beec65fe95822b&quot;</ETag><Size>27549</Size><StorageClass>STANDARD</StorageClass></Contents><Contents><Key>Family/App-QualityTimeTracker.png</Key><LastModified>2012-09-04T04:21:14.000Z</LastModified><ETag>&quot;b9a7502ada796f15460fd6362d91501c&quot;</ETag><Size>7990</Size><StorageClass>STANDARD</StorageClass></Contents><Contents><Key>Family/App-QualityTimeTracker@2x.png</Key><LastModified>2012-09-04T04:21:15.000Z</LastModified><ETag>&quot;dbddc3de5e450c174491aac99407613b&quot;</ETag><Size>26085</Size><StorageClass>STANDARD</StorageClass></Contents><Contents><Key>Family/App-RewardsForChores.png</Key><LastModified>2012-09-04T04:21:16.000Z</LastModified><ETag>&quot;f06e237d03a826743a6791b354f6f2f2&quot;</ETag><Size>7396</Size><StorageClass>STANDARD</StorageClass></Contents><Contents><Key>Family/App-RewardsForChores@2x.png</Key><LastModified>2012-09-04T04:21:17.000Z</LastModified><ETag>&quot;19900858681c704cb09a8b7f70cdc935&quot;</ETag><Size>23510</Size><StorageClass>STANDARD</StorageClass></Contents><Contents><Key>Family/App-SmartBabyMonitor.png</Key><LastModified>2012-09-04T04:21:18.000Z</LastModified><ETag>&quot;97ead43922d535308a68d668acc36b17&quot;</ETag><Size>7823</Size><StorageClass>STANDARD</StorageClass></Contents><Contents><Key>Family/App-SmartBabyMonitor@2x.png</Key><LastModified>2012-09-04T04:21:19.000Z</LastModified><ETag>&quot;89a1c5ccadf9fd2ad5deec30415041cb&quot;</ETag><Size>24016</Size><StorageClass>STANDARD</StorageClass></Contents><Contents><Key>Family/App-SmartCurfew.png</Key><LastModified>2012-09-04T04:21:20.000Z</LastModified><ETag>&quot;a2db4ebc3008dab97997d05c37694338&quot;</ETag><Size>8152</Size><StorageClass>STANDARD</StorageClass></Contents><Contents><Key>Family/App-SmartCurfew@2x.png</Key><LastModified>2012-09-04T04:21:21.000Z</LastModified><ETag>&quot;6ef91dc7ba566a96e186440defb25271&quot;</ETag><Size>25943</Size><StorageClass>STANDARD</StorageClass></Contents><Contents><Key>Family/Cat-Family.png</Key><LastModified>2014-04-23T03:13:11.000Z</LastModified><ETag>&quot;b335ece626b0004e12cf80a470a02986&quot;</ETag><Size>1744</Size><StorageClass>STANDARD</StorageClass></Contents><Contents><Key>Family/Cat-Family@2x.png</Key><LastModified>2014-04-23T03:13:12.000Z</LastModified><ETag>&quot;05838fa680b3acb5f228dd994a4c7966&quot;</ETag><Size>2377</Size><StorageClass>STANDARD</StorageClass></Contents><Contents><Key>Family/Cat-Family@3x.png</Key><LastModified>2014-10-24T16:43:06.000Z</LastModified><ETag>&quot;954398681ba9afae3be734d09ee27fa2&quot;</ETag><Size>3551</Size><StorageClass>STANDARD</StorageClass></Contents><Contents><Key>FunAndSocial/</Key><LastModified>2012-09-04T04:19:55.000Z</LastModified><ETag>&quot;d41d8cd98f00b204e9800998ecf8427e&quot;</ETag><Size>0</Size><StorageClass>STANDARD</StorageClass></Contents><Contents><Key>FunAndSocial/App-BuzzBarometer.png</Key><LastModified>2012-09-04T04:21:37.000Z</LastModified><ETag>&quot;fc927ac2ea2039f5a8994eacef4d4429&quot;</ETag><Size>5846</Size><StorageClass>STANDARD</StorageClass></Contents><Contents><Key>FunAndSocial/App-BuzzBarometer@2x.png</Key><LastModified>2012-09-04T04:21:38.000Z</LastModified><ETag>&quot;4362819c8676684ba09e28318d1aedc4&quot;</ETag><Size>12902</Size><StorageClass>STANDARD</StorageClass></Contents><Contents><Key>FunAndSocial/App-HangoutBeacon.png</Key><LastModified>2012-09-04T04:21:39.000Z</LastModified><ETag>&quot;4a6df0184b6d6977a8b3935dca431170&quot;</ETag><Size>6435</Size><StorageClass>STANDARD</StorageClass></Contents><Contents><Key>FunAndSocial/App-HangoutBeacon@2x.png</Key><LastModified>2012-09-04T04:21:40.000Z</LastModified><ETag>&quot;ec499a4a8a36bbcb3d0c8dd7542b792a&quot;</ETag><Size>20449</Size><StorageClass>STANDARD</StorageClass></Contents><Contents><Key>FunAndSocial/App-HotTubTuner.png</Key><LastModified>2012-09-04T04:21:41.000Z</LastModified><ETag>&quot;1f9fb3710b2f4dc2632fd9d073d64273&quot;</ETag><Size>8740</Size><StorageClass>STANDARD</StorageClass></Contents><Contents><Key>FunAndSocial/App-HotTubTuner@2x.png</Key><LastModified>2012-09-04T04:21:42.000Z</LastModified><ETag>&quot;373b8047ed5ba41c78209f830d80160f&quot;</ETag><Size>27469</Size><StorageClass>STANDARD</StorageClass></Contents><Contents><Key>FunAndSocial/App-ItMoved.png</Key><LastModified>2012-10-02T15:46:54.000Z</LastModified><ETag>&quot;97ec4815a8fe773f82a1ce6738a78179&quot;</ETag><Size>3109</Size><StorageClass>STANDARD</StorageClass></Contents><Contents><Key>FunAndSocial/App-ItMoved@2x.png</Key><LastModified>2012-10-02T15:46:54.000Z</LastModified><ETag>&quot;fc66198297f75d7c0611d68751072563&quot;</ETag><Size>4924</Size><StorageClass>STANDARD</StorageClass></Contents><Contents><Key>FunAndSocial/App-ItsPartyTime.png</Key><LastModified>2012-09-04T04:21:43.000Z</LastModified><ETag>&quot;3ced3649e6cc6686c32a0da2ec5dc9ed&quot;</ETag><Size>9048</Size><StorageClass>STANDARD</StorageClass></Contents><Contents><Key>FunAndSocial/App-ItsPartyTime@2x.png</Key><LastModified>2012-09-04T04:21:44.000Z</LastModified><ETag>&quot;bfb29a23e37d566f12fa9cac3e60a968&quot;</ETag><Size>28859</Size><StorageClass>STANDARD</StorageClass></Contents><Contents><Key>FunAndSocial/App-Surprise.png</Key><LastModified>2012-09-11T18:43:21.000Z</LastModified><ETag>&quot;658d92a512432af5409a1851e7933a5c&quot;</ETag><Size>8762</Size><StorageClass>STANDARD</StorageClass></Contents><Contents><Key>FunAndSocial/App-Surprise@2x.png</Key><LastModified>2012-09-11T18:43:30.000Z</LastModified><ETag>&quot;7dd55ffa287c8a3854c5733acd397985&quot;</ETag><Size>27627</Size><StorageClass>STANDARD</StorageClass></Contents><Contents><Key>FunAndSocial/Cat-FunAndSocial.png</Key><LastModified>2014-04-23T03:14:09.000Z</LastModified><ETag>&quot;ca3c086dd5a848e8a07816fd23e747f6&quot;</ETag><Size>1767</Size><StorageClass>STANDARD</StorageClass></Contents><Contents><Key>FunAndSocial/Cat-FunAndSocial@2x.png</Key><LastModified>2014-04-23T03:14:10.000Z</LastModified><ETag>&quot;c61e9a09752077a06711828039a91411&quot;</ETag><Size>2403</Size><StorageClass>STANDARD</StorageClass></Contents><Contents><Key>FunAndSocial/Cat-FunAndSocial@3x.png</Key><LastModified>2014-10-24T16:43:30.000Z</LastModified><ETag>&quot;fd6e05ad6526a9070454cf7c6d07391f&quot;</ETag><Size>3429</Size><StorageClass>STANDARD</StorageClass></Contents><Contents><Key>GreenLiving/</Key><LastModified>2013-04-09T20:34:14.000Z</LastModified><ETag>&quot;d41d8cd98f00b204e9800998ecf8427e&quot;</ETag><Size>0</Size><StorageClass>STANDARD</StorageClass></Contents><Contents><Key>GreenLiving/Cat-GreenLiving.png</Key><LastModified>2014-04-23T03:14:55.000Z</LastModified><ETag>&quot;615e2b7dc52e2b5ae4d8ca070cd502c4&quot;</ETag><Size>1660</Size><StorageClass>STANDARD</StorageClass></Contents><Contents><Key>GreenLiving/Cat-GreenLiving@2x.png</Key><LastModified>2014-04-23T03:14:55.000Z</LastModified><ETag>&quot;00cfa33ff2c46b40df512e7fc861897c&quot;</ETag><Size>2242</Size><StorageClass>STANDARD</StorageClass></Contents><Contents><Key>GreenLiving/Cat-GreenLiving@3x.png</Key><LastModified>2014-10-24T16:44:32.000Z</LastModified><ETag>&quot;a0fca63921636e9ded4eb55cf39ee372&quot;</ETag><Size>3282</Size><StorageClass>STANDARD</StorageClass></Contents><Contents><Key>HealthAndWellness/</Key><LastModified>2012-09-04T04:20:07.000Z</LastModified><ETag>&quot;d41d8cd98f00b204e9800998ecf8427e&quot;</ETag><Size>0</Size><StorageClass>STANDARD</StorageClass></Contents><Contents><Key>HealthAndWellness/App-30DayGoals.png</Key><LastModified>2012-09-04T04:22:18.000Z</LastModified><ETag>&quot;57d0072e7542d00fb34aa787b2b804e0&quot;</ETag><Size>6997</Size><StorageClass>STANDARD</StorageClass></Contents><Contents><Key>HealthAndWellness/App-30DayGoals@2x.png</Key><LastModified>2012-09-04T04:22:20.000Z</LastModified><ETag>&quot;7a6a3d7ec90a7db322dae96a10899b50&quot;</ETag><Size>20873</Size><StorageClass>STANDARD</StorageClass></Contents><Contents><Key>HealthAndWellness/App-CheckInGoals.png</Key><LastModified>2012-09-04T04:22:21.000Z</LastModified><ETag>&quot;c01322a91dec6b03cac9f46587c5b31f&quot;</ETag><Size>5102</Size><StorageClass>STANDARD</StorageClass></Contents><Contents><Key>HealthAndWellness/App-CheckInGoals@2x.png</Key><LastModified>2012-09-04T04:22:22.000Z</LastModified><ETag>&quot;48040053fd517bcab1df3d9d20f9c397&quot;</ETag><Size>12211</Size><StorageClass>STANDARD</StorageClass></Contents><Contents><Key>HealthAndWellness/App-CouchPotato.png</Key><LastModified>2012-09-04T04:22:23.000Z</LastModified><ETag>&quot;95e14ce56dfc3593c1e746350244ffc0&quot;</ETag><Size>6678</Size><StorageClass>STANDARD</StorageClass></Contents><Contents><Key>HealthAndWellness/App-CouchPotato@2x.png</Key><LastModified>2012-09-04T04:22:24.000Z</LastModified><ETag>&quot;d7c2d0e8fecdcef22c82479bbbfd1eb3&quot;</ETag><Size>19691</Size><StorageClass>STANDARD</StorageClass></Contents><Contents><Key>HealthAndWellness/App-IDidIt.png</Key><LastModified>2012-09-04T04:22:24.000Z</LastModified><ETag>&quot;6a5bde62d57526f3cb00c1ded7883de0&quot;</ETag><Size>7097</Size><StorageClass>STANDARD</StorageClass></Contents><Contents><Key>HealthAndWellness/App-IDidIt@2x.png</Key><LastModified>2012-09-04T04:22:25.000Z</LastModified><ETag>&quot;63b60821cc8225abd3b09a31f48ce90e&quot;</ETag><Size>22267</Size><StorageClass>STANDARD</StorageClass></Contents><Contents><Key>HealthAndWellness/App-MedicineReminder.png</Key><LastModified>2012-11-05T19:18:32.000Z</LastModified><ETag>&quot;b611e05d5625fcc5d4587202e01d6235&quot;</ETag><Size>4847</Size><StorageClass>STANDARD</StorageClass></Contents><Contents><Key>HealthAndWellness/App-MedicineReminder@2x.png</Key><LastModified>2012-11-05T19:18:33.000Z</LastModified><ETag>&quot;659303fd34aa96a4d49b898219dbd16d&quot;</ETag><Size>8509</Size><StorageClass>STANDARD</StorageClass></Contents><Contents><Key>HealthAndWellness/App-SleepyTime.png</Key><LastModified>2012-09-04T04:22:26.000Z</LastModified><ETag>&quot;5e56bf4505ab28593dfb27e4b2beebfd&quot;</ETag><Size>7260</Size><StorageClass>STANDARD</StorageClass></Contents><Contents><Key>HealthAndWellness/App-SleepyTime@2x.png</Key><LastModified>2012-09-04T04:22:27.000Z</LastModified><ETag>&quot;dd78245724173527e36a7a802527a02c&quot;</ETag><Size>20133</Size><StorageClass>STANDARD</StorageClass></Contents><Contents><Key>HealthAndWellness/Cat-HealthAndWellness.png</Key><LastModified>2014-04-23T03:15:56.000Z</LastModified><ETag>&quot;2c2f0b82652fe03d98f7662c3c165e6e&quot;</ETag><Size>1703</Size><StorageClass>STANDARD</StorageClass></Contents><Contents><Key>HealthAndWellness/Cat-HealthAndWellness@2x.png</Key><LastModified>2014-04-23T03:15:56.000Z</LastModified><ETag>&quot;ddb7787ef60538c094b9df5cb53b2a7b&quot;</ETag><Size>2190</Size><StorageClass>STANDARD</StorageClass></Contents><Contents><Key>HealthAndWellness/Cat-HealthAndWellness@3x.png</Key><LastModified>2014-10-24T16:44:57.000Z</LastModified><ETag>&quot;032119f2ebc5e27f5e65b529fb038988&quot;</ETag><Size>3117</Size><StorageClass>STANDARD</StorageClass></Contents><Contents><Key>Internal/</Key><LastModified>2014-04-23T03:22:26.000Z</LastModified><ETag>&quot;d41d8cd98f00b204e9800998ecf8427e&quot;</ETag><Size>0</Size><StorageClass>STANDARD</StorageClass></Contents><Contents><Key>Internal/Cat-ST-Internal.png</Key><LastModified>2014-04-23T03:24:47.000Z</LastModified><ETag>&quot;dd416ebdff22755d4e7877ca260a5c31&quot;</ETag><Size>1815</Size><StorageClass>STANDARD</StorageClass></Contents><Contents><Key>Internal/Cat-ST-Internal@2x.png</Key><LastModified>2014-04-23T03:24:47.000Z</LastModified><ETag>&quot;bc76a8559f19911d62baead0131b19c5&quot;</ETag><Size>1813</Size><StorageClass>STANDARD</StorageClass></Contents><Contents><Key>Internal/Cat-ST-Internal@3x.png</Key><LastModified>2014-10-24T16:45:25.000Z</LastModified><ETag>&quot;8e5985dc546b9bcbee9f39719280613e&quot;</ETag><Size>2174</Size><StorageClass>STANDARD</StorageClass></Contents><Contents><Key>Labs/</Key><LastModified>2014-04-23T03:22:46.000Z</LastModified><ETag>&quot;d41d8cd98f00b204e9800998ecf8427e&quot;</ETag><Size>0</Size><StorageClass>STANDARD</StorageClass></Contents><Contents><Key>Labs/Cat-ST-Labs.png</Key><LastModified>2014-04-23T03:25:22.000Z</LastModified><ETag>&quot;a2e65b339ffa11682c848bdc8e229356&quot;</ETag><Size>1681</Size><StorageClass>STANDARD</StorageClass></Contents><Contents><Key>Labs/Cat-ST-Labs@2x.png</Key><LastModified>2014-04-23T03:25:22.000Z</LastModified><ETag>&quot;6ef96bb322cc8b117e35ce9969c3d0ee&quot;</ETag><Size>2152</Size><StorageClass>STANDARD</StorageClass></Contents><Contents><Key>Labs/Cat-ST-Labs@3x.png</Key><LastModified>2014-10-24T16:45:48.000Z</LastModified><ETag>&quot;b1497c760fa7cda70296f633713583ab&quot;</ETag><Size>2979</Size><StorageClass>STANDARD</StorageClass></Contents><Contents><Key>LibertyMutual/</Key><LastModified>2012-11-08T14:44:15.000Z</LastModified><ETag>&quot;d41d8cd98f00b204e9800998ecf8427e&quot;</ETag><Size>0</Size><StorageClass>STANDARD</StorageClass></Contents><Contents><Key>LibertyMutual/libertyMutualBanner.png</Key><LastModified>2012-11-09T16:38:07.000Z</LastModified><ETag>&quot;cc04d2f3814a01451f4f74d9e52ce5f0&quot;</ETag><Size>167472</Size><StorageClass>STANDARD</StorageClass></Contents><Contents><Key>Meta/</Key><LastModified>2013-03-08T20:16:51.000Z</LastModified><ETag>&quot;d41d8cd98f00b204e9800998ecf8427e&quot;</ETag><Size>0</Size><StorageClass>STANDARD</StorageClass></Contents><Contents><Key>Meta/calendar_contact-accelerometer.png</Key><LastModified>2013-03-08T20:17:35.000Z</LastModified><ETag>&quot;1dd020d77730efa138784d187b37111a&quot;</ETag><Size>5789</Size><StorageClass>STANDARD</StorageClass></Contents><Contents><Key>Meta/calendar_contact-accelerometer@2x.png</Key><LastModified>2013-03-08T20:17:36.000Z</LastModified><ETag>&quot;f528b6c49e0dddcc55b21f0c3affe3bf&quot;</ETag><Size>12932</Size><StorageClass>STANDARD</StorageClass></Contents><Contents><Key>Meta/dogfood_feeder.png</Key><LastModified>2013-03-08T20:17:37.000Z</LastModified><ETag>&quot;c791a62e8381fa94259351fb4ac60545&quot;</ETag><Size>8991</Size><StorageClass>STANDARD</StorageClass></Contents><Contents><Key>Meta/dogfood_feeder@2x.png</Key><LastModified>2013-03-08T20:17:38.000Z</LastModified><ETag>&quot;7f5ee35c4af50d9d70f7a78f90b47628&quot;</ETag><Size>28748</Size><StorageClass>STANDARD</StorageClass></Contents><Contents><Key>Meta/garage_contact.png</Key><LastModified>2013-03-08T20:17:39.000Z</LastModified><ETag>&quot;cfd0c70470ed08c68bfe09a6a0eaf979&quot;</ETag><Size>5800</Size><StorageClass>STANDARD</StorageClass></Contents><Contents><Key>Meta/garage_contact@2x.png</Key><LastModified>2013-03-08T20:17:40.000Z</LastModified><ETag>&quot;8c930cd97a997c63fa1fdbc0df35f7f9&quot;</ETag><Size>18535</Size><StorageClass>STANDARD</StorageClass></Contents><Contents><Key>Meta/garage_outlet.png</Key><LastModified>2013-03-08T20:17:41.000Z</LastModified><ETag>&quot;da3b75533e64ec3ab94eec6da2b1bade&quot;</ETag><Size>5681</Size><StorageClass>STANDARD</StorageClass></Contents><Contents><Key>Meta/garage_outlet@2x.png</Key><LastModified>2013-03-08T20:17:42.000Z</LastModified><ETag>&quot;ac56570c83134ccdd1aa16c07cffd9df&quot;</ETag><Size>18260</Size><StorageClass>STANDARD</StorageClass></Contents><Contents><Key>Meta/intruder_motion-cam.png</Key><LastModified>2013-03-08T20:17:43.000Z</LastModified><ETag>&quot;d69cd46a93d4cf80a720dbde45f7fe99&quot;</ETag><Size>6486</Size><StorageClass>STANDARD</StorageClass></Contents><Contents><Key>Meta/intruder_motion-cam@2x.png</Key><LastModified>2013-03-08T20:17:44.000Z</LastModified><ETag>&quot;fc26d9e2223069129c090c5b96f8d5b6&quot;</ETag><Size>20767</Size><StorageClass>STANDARD</StorageClass></Contents><Contents><Key>Meta/intruder_motion-presence.png</Key><LastModified>2013-03-08T20:17:45.000Z</LastModified><ETag>&quot;5c9a1b5cbfd98d30d928b5d1b026a80e&quot;</ETag><Size>6351</Size><StorageClass>STANDARD</StorageClass></Contents><Contents><Key>Meta/intruder_motion-presence@2x.png</Key><LastModified>2013-03-08T20:17:46.000Z</LastModified><ETag>&quot;2060758a7574f8ab2780a40ea5d7b929&quot;</ETag><Size>20420</Size><StorageClass>STANDARD</StorageClass></Contents><Contents><Key>Meta/intruder_motion.png</Key><LastModified>2013-03-08T20:17:47.000Z</LastModified><ETag>&quot;97cda0177e86cba3c1ff83ca11cd901f&quot;</ETag><Size>6173</Size><StorageClass>STANDARD</StorageClass></Contents><Contents><Key>Meta/intruder_motion@2x.png</Key><LastModified>2013-03-08T20:17:48.000Z</LastModified><ETag>&quot;a3ac527ced36801064425f755ad4e193&quot;</ETag><Size>20163</Size><StorageClass>STANDARD</StorageClass></Contents><Contents><Key>Meta/its-too-hot.png</Key><LastModified>2014-07-24T18:48:25.000Z</LastModified><ETag>&quot;b01c9dc2ac79f34920e73445cd46b7c7&quot;</ETag><Size>5979</Size><StorageClass>STANDARD</StorageClass></Contents><Contents><Key>Meta/its-too-hot@2x.png</Key><LastModified>2014-07-24T18:48:26.000Z</LastModified><ETag>&quot;a5ee61504f1cff982d85dd8098d2e8b8&quot;</ETag><Size>15800</Size><StorageClass>STANDARD</StorageClass></Contents><Contents><Key>Meta/light_contact-outlet-luminance.png</Key><LastModified>2013-03-08T20:17:49.000Z</LastModified><ETag>&quot;972b0eb3b58cb488c485d7197ff1861c&quot;</ETag><Size>7799</Size><StorageClass>STANDARD</StorageClass></Contents><Contents><Key>Meta/light_contact-outlet-luminance@2x.png</Key><LastModified>2013-03-08T20:17:50.000Z</LastModified><ETag>&quot;93332f5752c318002eb5b0d914ee1ba2&quot;</ETag><Size>21981</Size><StorageClass>STANDARD</StorageClass></Contents><Contents><Key>Meta/light_contact-outlet.png</Key><LastModified>2013-03-08T20:17:51.000Z</LastModified><ETag>&quot;d57192e400fbfe4686742dfbd28e147b&quot;</ETag><Size>7644</Size><StorageClass>STANDARD</StorageClass></Contents><Contents><Key>Meta/light_contact-outlet@2x.png</Key><LastModified>2013-03-08T20:17:52.000Z</LastModified><ETag>&quot;0567796bfbc60716b292f442dbea698e&quot;</ETag><Size>21579</Size><StorageClass>STANDARD</StorageClass></Contents><Contents><Key>Meta/light_motion-outlet-contact.png</Key><LastModified>2013-03-08T20:17:53.000Z</LastModified><ETag>&quot;baab21d85dd8602fd0489f889192dc31&quot;</ETag><Size>7755</Size><StorageClass>STANDARD</StorageClass></Contents><Contents><Key>Meta/light_motion-outlet-contact@2x.png</Key><LastModified>2013-03-08T20:17:53.000Z</LastModified><ETag>&quot;3874ae464d489d4a865fbc01c5546c19&quot;</ETag><Size>21925</Size><StorageClass>STANDARD</StorageClass></Contents><Contents><Key>Meta/light_motion-outlet-luminance.png</Key><LastModified>2013-03-08T20:17:55.000Z</LastModified><ETag>&quot;5cc972f776316b12d9d0fb3390713e01&quot;</ETag><Size>7764</Size><StorageClass>STANDARD</StorageClass></Contents><Contents><Key>Meta/light_motion-outlet-luminance@2x.png</Key><LastModified>2013-03-08T20:17:56.000Z</LastModified><ETag>&quot;2254983a14c8ae75b5f5350af50c2319&quot;</ETag><Size>22019</Size><StorageClass>STANDARD</StorageClass></Contents><Contents><Key>Meta/light_motion-outlet.png</Key><LastModified>2013-03-08T20:17:57.000Z</LastModified><ETag>&quot;c204ef4cf05564a13f4c502b823afb08&quot;</ETag><Size>7648</Size><StorageClass>STANDARD</StorageClass></Contents><Contents><Key>Meta/light_motion-outlet@2x.png</Key><LastModified>2013-03-08T20:17:58.000Z</LastModified><ETag>&quot;a2ae3202a87af6ef6abd05aec5f3f6d5&quot;</ETag><Size>21608</Size><StorageClass>STANDARD</StorageClass></Contents><Contents><Key>Meta/light_outlet-full@2x.png</Key><LastModified>2013-05-02T19:21:33.000Z</LastModified><ETag>&quot;0a85285d468173237729f824b2035295&quot;</ETag><Size>63478</Size><StorageClass>STANDARD</StorageClass></Contents><Contents><Key>Meta/light_outlet-luminance.png</Key><LastModified>2013-03-08T20:17:59.000Z</LastModified><ETag>&quot;4bb63abe21b86ffe07968f44368af05c&quot;</ETag><Size>7688</Size><StorageClass>STANDARD</StorageClass></Contents><Contents><Key>Meta/light_outlet-luminance@2x.png</Key><LastModified>2013-03-08T20:17:59.000Z</LastModified><ETag>&quot;449f51bb89543f8a99ca3ce6687a4284&quot;</ETag><Size>21920</Size><StorageClass>STANDARD</StorageClass></Contents><Contents><Key>Meta/light_outlet.png</Key><LastModified>2013-03-08T20:18:00.000Z</LastModified><ETag>&quot;1923201e586aa142a1408443d9e4b86c&quot;</ETag><Size>7563</Size><StorageClass>STANDARD</StorageClass></Contents><Contents><Key>Meta/light_outlet@2x.png</Key><LastModified>2013-03-08T20:18:01.000Z</LastModified><ETag>&quot;cea886b9e44a61c00ecc0eb29e207612&quot;</ETag><Size>21301</Size><StorageClass>STANDARD</StorageClass></Contents><Contents><Key>Meta/light_presence-outlet.png</Key><LastModified>2013-03-08T20:18:02.000Z</LastModified><ETag>&quot;1d3a96711704ac692cc95af411df1d9f&quot;</ETag><Size>7618</Size><StorageClass>STANDARD</StorageClass></Contents><Contents><Key>Meta/light_presence-outlet@2x.png</Key><LastModified>2013-03-08T20:18:03.000Z</LastModified><ETag>&quot;7002d63a253352d3a2ce79591ee28fce&quot;</ETag><Size>21559</Size><StorageClass>STANDARD</StorageClass></Contents><Contents><Key>Meta/light_thermo-switch.png</Key><LastModified>2013-03-08T20:18:04.000Z</LastModified><ETag>&quot;2f700b18a850ee724c793cf7bb56386f&quot;</ETag><Size>7760</Size><StorageClass>STANDARD</StorageClass></Contents><Contents><Key>Meta/light_thermo-switch@2x.png</Key><LastModified>2013-03-08T20:18:07.000Z</LastModified><ETag>&quot;178fa3c8c4658f3f8fc0e2be70c9b8a3&quot;</ETag><Size>22072</Size><StorageClass>STANDARD</StorageClass></Contents><Contents><Key>Meta/mail_contact.png</Key><LastModified>2013-03-08T20:18:08.000Z</LastModified><ETag>&quot;e6335da1a0eda2fd92065ed13f05ecd1&quot;</ETag><Size>3646</Size><StorageClass>STANDARD</StorageClass></Contents><Contents><Key>Meta/mail_contact@2x.png</Key><LastModified>2013-03-08T20:18:09.000Z</LastModified><ETag>&quot;4e6df18a6598fae01793b85af6719ddd&quot;</ETag><Size>8597</Size><StorageClass>STANDARD</StorageClass></Contents><Contents><Key>Meta/pet_presence.png</Key><LastModified>2013-03-08T20:18:10.000Z</LastModified><ETag>&quot;8eba0e9c9781a13f9705595f2f9c5ac1&quot;</ETag><Size>4737</Size><StorageClass>STANDARD</StorageClass></Contents><Contents><Key>Meta/pet_presence@2x.png</Key><LastModified>2013-03-08T20:18:12.000Z</LastModified><ETag>&quot;5c47cc70953b5d43cdf60f6bade9155f&quot;</ETag><Size>12056</Size><StorageClass>STANDARD</StorageClass></Contents><Contents><Key>Meta/temp_thermo-switch.png</Key><LastModified>2013-03-08T20:18:12.000Z</LastModified><ETag>&quot;1d3b6201350c4a06409d23057db7e932&quot;</ETag><Size>6759</Size><StorageClass>STANDARD</StorageClass></Contents><Contents><Key>Meta/temp_thermo-switch@2x.png</Key><LastModified>2013-03-08T20:18:13.000Z</LastModified><ETag>&quot;f579632c702109cf391b6d8f96a36c4c&quot;</ETag><Size>17295</Size><StorageClass>STANDARD</StorageClass></Contents><Contents><Key>Meta/temp_thermo.png</Key><LastModified>2013-03-08T20:18:15.000Z</LastModified><ETag>&quot;02cc5f437336cb02aac6c474a5258d3e&quot;</ETag><Size>6340</Size><StorageClass>STANDARD</StorageClass></Contents><Contents><Key>Meta/temp_thermo@2x.png</Key><LastModified>2013-03-08T20:18:15.000Z</LastModified><ETag>&quot;4f1b968ac0e666e7e77e234b7914f51d&quot;</ETag><Size>16201</Size><StorageClass>STANDARD</StorageClass></Contents><Contents><Key>Meta/text.png</Key><LastModified>2013-03-08T20:18:23.000Z</LastModified><ETag>&quot;bd34740ec9a11083e7bd8145a4ad1154&quot;</ETag><Size>5146</Size><StorageClass>STANDARD</StorageClass></Contents><Contents><Key>Meta/text@2x.png</Key><LastModified>2013-03-08T20:18:24.000Z</LastModified><ETag>&quot;e3a9aa4ed10026de4d85d4bc1db47511&quot;</ETag><Size>10190</Size><StorageClass>STANDARD</StorageClass></Contents><Contents><Key>Meta/text_accelerometer.png</Key><LastModified>2013-03-08T20:18:16.000Z</LastModified><ETag>&quot;9339be5b0a2d63d92aa48b7113401340&quot;</ETag><Size>5640</Size><StorageClass>STANDARD</StorageClass></Contents><Contents><Key>Meta/text_accelerometer@2x.png</Key><LastModified>2013-03-08T20:18:17.000Z</LastModified><ETag>&quot;a59a3c1caf7a637e06f21b085032fcd4&quot;</ETag><Size>11538</Size><StorageClass>STANDARD</StorageClass></Contents><Contents><Key>Meta/text_contact.png</Key><LastModified>2013-03-08T20:18:18.000Z</LastModified><ETag>&quot;1b63ad2712c1bedd09f702cf38c212b8&quot;</ETag><Size>5576</Size><StorageClass>STANDARD</StorageClass></Contents><Contents><Key>Meta/text_contact@2x.png</Key><LastModified>2013-03-08T20:18:18.000Z</LastModified><ETag>&quot;3ea4bf59f4a38e5902c137e54e61de9a&quot;</ETag><Size>11272</Size><StorageClass>STANDARD</StorageClass></Contents><Contents><Key>Meta/text_outlet.png</Key><LastModified>2013-03-08T20:18:19.000Z</LastModified><ETag>&quot;e4efdd2fdcdb83b1672226709ba433d1&quot;</ETag><Size>5500</Size><StorageClass>STANDARD</StorageClass></Contents><Contents><Key>Meta/text_outlet@2x.png</Key><LastModified>2013-03-08T20:18:20.000Z</LastModified><ETag>&quot;773185e0234e72e803cfc42e0cac6451&quot;</ETag><Size>11100</Size><StorageClass>STANDARD</StorageClass></Contents><Contents><Key>Meta/text_presence.png</Key><LastModified>2013-03-08T20:18:21.000Z</LastModified><ETag>&quot;37f8723cc76e7673cd812ff3bef43854&quot;</ETag><Size>5381</Size><StorageClass>STANDARD</StorageClass></Contents><Contents><Key>Meta/text_presence@2x.png</Key><LastModified>2013-03-08T20:18:22.000Z</LastModified><ETag>&quot;666c563d6efc14382ec47aa0c2c327ec&quot;</ETag><Size>10852</Size><StorageClass>STANDARD</StorageClass></Contents><Contents><Key>Meta/water_moisture.png</Key><LastModified>2013-03-08T20:18:25.000Z</LastModified><ETag>&quot;77e5e01d7d842dd927daf5478babdcdc&quot;</ETag><Size>7102</Size><StorageClass>STANDARD</StorageClass></Contents><Contents><Key>Meta/water_moisture@2x.png</Key><LastModified>2013-03-08T20:18:26.000Z</LastModified><ETag>&quot;e41627fad67cdb9a83af89da5e53ecae&quot;</ETag><Size>22028</Size><StorageClass>STANDARD</StorageClass></Contents><Contents><Key>Meta/window_contact.png</Key><LastModified>2013-03-08T20:18:27.000Z</LastModified><ETag>&quot;02e0fc85c1bd2dcb9390281ecd0b88ab&quot;</ETag><Size>6540</Size><StorageClass>STANDARD</StorageClass></Contents><Contents><Key>Meta/window_contact@2x.png</Key><LastModified>2013-03-08T20:18:29.000Z</LastModified><ETag>&quot;fa51cef21cca129ffbd978dd77d4fa7f&quot;</ETag><Size>18466</Size><StorageClass>STANDARD</StorageClass></Contents><Contents><Key>MiscHacking/</Key><LastModified>2013-05-06T02:43:20.000Z</LastModified><ETag>&quot;d41d8cd98f00b204e9800998ecf8427e&quot;</ETag><Size>0</Size><StorageClass>STANDARD</StorageClass></Contents><Contents><Key>MiscHacking/ecobee-smartapp-icn.png</Key><LastModified>2014-02-19T22:53:28.000Z</LastModified><ETag>&quot;62b22548bbcc4c3f987871b658401550&quot;</ETag><Size>4399</Size><StorageClass>STANDARD</StorageClass></Contents><Contents><Key>MiscHacking/ecobee-smartapp-icn@2x.png</Key><LastModified>2014-02-19T22:53:28.000Z</LastModified><ETag>&quot;629e1705ce47e4b1d81044a777982738&quot;</ETag><Size>7609</Size><StorageClass>STANDARD</StorageClass></Contents><Contents><Key>MiscHacking/mindcontrol.png</Key><LastModified>2013-05-06T02:43:51.000Z</LastModified><ETag>&quot;075fe0ad4fc5b9bd413c290324d13efd&quot;</ETag><Size>5469</Size><StorageClass>STANDARD</StorageClass></Contents><Contents><Key>MiscHacking/mindcontrol@2x.png</Key><LastModified>2013-05-06T02:43:52.000Z</LastModified><ETag>&quot;31828b9fe15add2c85796fd54d0f7ea6&quot;</ETag><Size>13226</Size><StorageClass>STANDARD</StorageClass></Contents><Contents><Key>MiscHacking/remote.png</Key><LastModified>2013-05-06T02:43:52.000Z</LastModified><ETag>&quot;3a523d3f4b55ca68a8d2c6a294f8730d&quot;</ETag><Size>2149</Size><StorageClass>STANDARD</StorageClass></Contents><Contents><Key>MiscHacking/remote@2x.png</Key><LastModified>2013-05-06T02:43:53.000Z</LastModified><ETag>&quot;19b4ae539b6755e43eadd814bb439014&quot;</ETag><Size>4601</Size><StorageClass>STANDARD</StorageClass></Contents><Contents><Key>MiscHacking/twitter.png</Key><LastModified>2013-05-06T02:43:53.000Z</LastModified><ETag>&quot;1ba624f6bd065e0ad512abe1b01e67d7&quot;</ETag><Size>7164</Size><StorageClass>STANDARD</StorageClass></Contents><Contents><Key>MiscHacking/twitter@2x.png</Key><LastModified>2013-05-06T02:43:53.000Z</LastModified><ETag>&quot;cc94546edf9e76f3e4a71680ab1a3248&quot;</ETag><Size>19428</Size><StorageClass>STANDARD</StorageClass></Contents><Contents><Key>ModeMagic/</Key><LastModified>2013-03-20T15:27:57.000Z</LastModified><ETag>&quot;d41d8cd98f00b204e9800998ecf8427e&quot;</ETag><Size>0</Size><StorageClass>STANDARD</StorageClass></Contents><Contents><Key>ModeMagic/Cat-ModeMagic.png</Key><LastModified>2014-04-23T03:17:42.000Z</LastModified><ETag>&quot;33b6866e3e7dd041750630d02120f27e&quot;</ETag><Size>1720</Size><StorageClass>STANDARD</StorageClass></Contents><Contents><Key>ModeMagic/Cat-ModeMagic@2x.png</Key><LastModified>2014-04-23T03:17:42.000Z</LastModified><ETag>&quot;f23a31b91b9f153e9638417fa14cdc03&quot;</ETag><Size>2409</Size><StorageClass>STANDARD</StorageClass></Contents><Contents><Key>ModeMagic/Cat-ModeMagic@3x.png</Key><LastModified>2014-10-24T16:46:31.000Z</LastModified><ETag>&quot;67495e570fff512ffc52d331634da847&quot;</ETag><Size>3669</Size><StorageClass>STANDARD</StorageClass></Contents><Contents><Key>ModeMagic/bon-voyage.png</Key><LastModified>2013-04-09T18:36:05.000Z</LastModified><ETag>&quot;6dca305c2d99f375f121fed3a510bafc&quot;</ETag><Size>4573</Size><StorageClass>STANDARD</StorageClass></Contents><Contents><Key>ModeMagic/bon-voyage@2x.png</Key><LastModified>2013-04-09T18:36:06.000Z</LastModified><ETag>&quot;7c3e3c8efa7ed2fdd13aa3ecee986487&quot;</ETag><Size>10477</Size><StorageClass>STANDARD</StorageClass></Contents><Contents><Key>ModeMagic/good-night.png</Key><LastModified>2013-04-09T18:36:07.000Z</LastModified><ETag>&quot;1f9113bca0c90410858cf45a32be088a&quot;</ETag><Size>4824</Size><StorageClass>STANDARD</StorageClass></Contents><Contents><Key>ModeMagic/good-night@2x.png</Key><LastModified>2013-04-09T18:36:08.000Z</LastModified><ETag>&quot;efc076d4adafc29b635ad472f700abb1&quot;</ETag><Size>12957</Size><StorageClass>STANDARD</StorageClass></Contents><Contents><Key>ModeMagic/greetings-earthling.png</Key><LastModified>2013-04-09T18:36:09.000Z</LastModified><ETag>&quot;8f9ebd5eebb805c68d4e0c7303b451aa&quot;</ETag><Size>4573</Size><StorageClass>STANDARD</StorageClass></Contents><Contents><Key>ModeMagic/greetings-earthling@2x.png</Key><LastModified>2013-04-09T18:36:10.000Z</LastModified><ETag>&quot;5dd68e703c7b11fc72b4588d3dc9b107&quot;</ETag><Size>10465</Size><StorageClass>STANDARD</StorageClass></Contents><Contents><Key>ModeMagic/rise-and-shine.png</Key><LastModified>2013-04-09T18:36:11.000Z</LastModified><ETag>&quot;cf6f0374d1f5ef9da7ab4b8ffab41013&quot;</ETag><Size>7041</Size><StorageClass>STANDARD</StorageClass></Contents><Contents><Key>ModeMagic/rise-and-shine@2x.png</Key><LastModified>2013-04-09T18:36:12.000Z</LastModified><ETag>&quot;2498c23fe0502be17b7e3aca828d5cfe&quot;</ETag><Size>21178</Size><StorageClass>STANDARD</StorageClass></Contents><Contents><Key>Modules/</Key><LastModified>2014-08-01T15:53:22.000Z</LastModified><ETag>&quot;d41d8cd98f00b204e9800998ecf8427e&quot;</ETag><Size>0</Size><StorageClass>STANDARD</StorageClass></Contents><Contents><Key>Modules/warranty.png</Key><LastModified>2014-08-01T15:53:56.000Z</LastModified><ETag>&quot;66c1f9d19a5ceb5573fbc74bd69f4439&quot;</ETag><Size>16681</Size><StorageClass>STANDARD</StorageClass></Contents><Contents><Key>Modules/warranty@2x.png</Key><LastModified>2014-08-01T15:53:57.000Z</LastModified><ETag>&quot;a6bd04451b45a68d22d50a0b2dd0fe51&quot;</ETag><Size>17163</Size><StorageClass>STANDARD</StorageClass></Contents><Contents><Key>MyApps/</Key><LastModified>2012-12-11T21:38:24.000Z</LastModified><ETag>&quot;d41d8cd98f00b204e9800998ecf8427e&quot;</ETag><Size>0</Size><StorageClass>STANDARD</StorageClass></Contents><Contents><Key>MyApps/Cat-MyApps.png</Key><LastModified>2014-04-22T22:21:25.000Z</LastModified><ETag>&quot;fda7ab35d369f1285becaf2af27a3f18&quot;</ETag><Size>1689</Size><StorageClass>STANDARD</StorageClass></Contents><Contents><Key>MyApps/Cat-MyApps@2x.png</Key><LastModified>2014-04-22T22:21:25.000Z</LastModified><ETag>&quot;b4151a83fea7afa6a726305bdb871a88&quot;</ETag><Size>2299</Size><StorageClass>STANDARD</StorageClass></Contents><Contents><Key>MyApps/Cat-MyApps@3x.png</Key><LastModified>2014-10-24T16:47:03.000Z</LastModified><ETag>&quot;cf803a1ee714edeb5878048c1539074e&quot;</ETag><Size>3242</Size><StorageClass>STANDARD</StorageClass></Contents><Contents><Key>Partner/</Key><LastModified>2013-04-09T20:42:36.000Z</LastModified><ETag>&quot;d41d8cd98f00b204e9800998ecf8427e&quot;</ETag><Size>0</Size><StorageClass>STANDARD</StorageClass></Contents><Contents><Key>Partner/App-SmartBlock.png</Key><LastModified>2013-06-02T23:59:42.000Z</LastModified><ETag>&quot;4478bc8b8581298c6e8c3b51fe3ecfb0&quot;</ETag><Size>136763</Size><StorageClass>STANDARD</StorageClass></Contents><Contents><Key>Partner/Cat-Partner.png</Key><LastModified>2013-04-09T20:47:07.000Z</LastModified><ETag>&quot;aed26e62d09680153e23e7c73f54da95&quot;</ETag><Size>3429</Size><StorageClass>STANDARD</StorageClass></Contents><Contents><Key>Partner/Cat-Partner@2x.png</Key><LastModified>2013-04-09T20:47:08.000Z</LastModified><ETag>&quot;77d336ec5782568a8986aff6fbc3cb0a&quot;</ETag><Size>4936</Size><StorageClass>STANDARD</StorageClass></Contents><Contents><Key>Partner/alfred-app-full@2x.png</Key><LastModified>2013-05-02T19:16:19.000Z</LastModified><ETag>&quot;ecae501d186be4d6eaec6c8f69ad72d1&quot;</ETag><Size>34268</Size><StorageClass>STANDARD</StorageClass></Contents><Contents><Key>Partner/alfred-app.png</Key><LastModified>2013-04-26T16:13:07.000Z</LastModified><ETag>&quot;2f127fc293d5a39f0508ab3fef8d9e72&quot;</ETag><Size>5439</Size><StorageClass>STANDARD</StorageClass></Contents><Contents><Key>Partner/alfred-app@2x.png</Key><LastModified>2013-04-26T16:13:08.000Z</LastModified><ETag>&quot;fad93e9c4ea5922626ffcb50d4ffd143&quot;</ETag><Size>14975</Size><StorageClass>STANDARD</StorageClass></Contents><Contents><Key>Partner/august-lock.png</Key><LastModified>2014-01-06T06:29:11.000Z</LastModified><ETag>&quot;f576502d320047a21eef258810b29354&quot;</ETag><Size>7473</Size><StorageClass>STANDARD</StorageClass></Contents><Contents><Key>Partner/august-lock@2x.png</Key><LastModified>2014-01-06T06:29:12.000Z</LastModified><ETag>&quot;683f5658df4397f5da8a62f969d25afc&quot;</ETag><Size>14834</Size><StorageClass>STANDARD</StorageClass></Contents><Contents><Key>Partner/doorbot.png</Key><LastModified>2014-05-22T20:37:01.000Z</LastModified><ETag>&quot;670f6978e7985e690ff4466b13f84de3&quot;</ETag><Size>4813</Size><StorageClass>STANDARD</StorageClass></Contents><Contents><Key>Partner/doorbot@2x.png</Key><LastModified>2014-05-22T20:37:02.000Z</LastModified><ETag>&quot;b4fa85f7b0439f195666f43c04d6922b&quot;</ETag><Size>12093</Size><StorageClass>STANDARD</StorageClass></Contents><Contents><Key>Partner/dropcam-on-off-presence.png</Key><LastModified>2013-10-08T16:45:26.000Z</LastModified><ETag>&quot;81954aa2a34d32e768a330f75b221790&quot;</ETag><Size>4064</Size><StorageClass>STANDARD</StorageClass></Contents><Contents><Key>Partner/dropcam-on-off-presence@2x.png</Key><LastModified>2013-10-08T16:45:27.000Z</LastModified><ETag>&quot;1156dd94c706e45ca42b12a6f9359b33&quot;</ETag><Size>6045</Size><StorageClass>STANDARD</StorageClass></Contents><Contents><Key>Partner/dropcam-on-off-schedule.png</Key><LastModified>2013-10-08T16:45:24.000Z</LastModified><ETag>&quot;daa3fc51a8d4293881b6b4db44959088&quot;</ETag><Size>4025</Size><StorageClass>STANDARD</StorageClass></Contents><Contents><Key>Partner/dropcam-on-off-schedule@2x.png</Key><LastModified>2013-10-08T16:45:25.000Z</LastModified><ETag>&quot;da587641bee3e9f1cc8e44d6bb7acf1e&quot;</ETag><Size>5949</Size><StorageClass>STANDARD</StorageClass></Contents><Contents><Key>Partner/dropcam.png</Key><LastModified>2013-09-30T21:57:31.000Z</LastModified><ETag>&quot;d479eb1d4dd22d86096bd8a8d133c343&quot;</ETag><Size>3381</Size><StorageClass>STANDARD</StorageClass></Contents><Contents><Key>Partner/dropcam@2x.png</Key><LastModified>2013-09-30T21:57:32.000Z</LastModified><ETag>&quot;d6c1cbc676a05e2539e022498f52bc96&quot;</ETag><Size>4883</Size><StorageClass>STANDARD</StorageClass></Contents><Contents><Key>Partner/ecobee.png</Key><LastModified>2013-09-30T21:57:28.000Z</LastModified><ETag>&quot;4785b9255b50fa2a0dec823796595b4e&quot;</ETag><Size>3609</Size><StorageClass>STANDARD</StorageClass></Contents><Contents><Key>Partner/ecobee@2x.png</Key><LastModified>2013-09-30T21:57:29.000Z</LastModified><ETag>&quot;654075dcdf1142618531d931e97b1291&quot;</ETag><Size>7207</Size><StorageClass>STANDARD</StorageClass></Contents><Contents><Key>Partner/fonts/</Key><LastModified>2013-10-15T13:28:51.000Z</LastModified><ETag>&quot;d41d8cd98f00b204e9800998ecf8427e&quot;</ETag><Size>0</Size><StorageClass>STANDARD</StorageClass></Contents><Contents><Key>Partner/fonts/swiss-721-light-webfont.eot</Key><LastModified>2013-10-15T13:29:38.000Z</LastModified><ETag>&quot;14b56755ffdeef7f57354e8b10e8c92e&quot;</ETag><Size>19555</Size><StorageClass>STANDARD</StorageClass></Contents><Contents><Key>Partner/fonts/swiss-721-light-webfont.svg</Key><LastModified>2013-10-15T13:29:39.000Z</LastModified><ETag>&quot;29c4a86b951014a4154bd6d7091443a8&quot;</ETag><Size>54862</Size><StorageClass>STANDARD</StorageClass></Contents><Contents><Key>Partner/fonts/swiss-721-light-webfont.ttf</Key><LastModified>2013-10-15T13:29:39.000Z</LastModified><ETag>&quot;560aa9c705c7d334a69eb1ba0cc29ac3&quot;</ETag><Size>42016</Size><StorageClass>STANDARD</StorageClass></Contents><Contents><Key>Partner/fonts/swiss-721-light-webfont.woff</Key><LastModified>2013-10-15T13:29:40.000Z</LastModified><ETag>&quot;05533606e817ba0f944797f6dc41a09e&quot;</ETag><Size>22884</Size><StorageClass>STANDARD</StorageClass></Contents><Contents><Key>Partner/fonts/swiss-721-thin-webfont.eot</Key><LastModified>2013-10-15T13:29:41.000Z</LastModified><ETag>&quot;265d3bf462a5f324a7d7174695a986fa&quot;</ETag><Size>19044</Size><StorageClass>STANDARD</StorageClass></Contents><Contents><Key>Partner/fonts/swiss-721-thin-webfont.svg</Key><LastModified>2013-10-15T13:29:41.000Z</LastModified><ETag>&quot;fc16b0141b6e5af4b6e062de6fddc3d0&quot;</ETag><Size>55063</Size><StorageClass>STANDARD</StorageClass></Contents><Contents><Key>Partner/fonts/swiss-721-thin-webfont.ttf</Key><LastModified>2013-10-15T13:29:42.000Z</LastModified><ETag>&quot;56f8e51f0697b2e909db5d58b9d73fe5&quot;</ETag><Size>41188</Size><StorageClass>STANDARD</StorageClass></Contents><Contents><Key>Partner/fonts/swiss-721-thin-webfont.woff</Key><LastModified>2013-10-15T13:29:43.000Z</LastModified><ETag>&quot;e7b99606a8463fc0258e9dfe8dfe59b5&quot;</ETag><Size>22312</Size><StorageClass>STANDARD</StorageClass></Contents><Contents><Key>Partner/foscam.png</Key><LastModified>2014-03-11T19:53:09.000Z</LastModified><ETag>&quot;e4fb9d80ce73d72ec29871572421cfa2&quot;</ETag><Size>5999</Size><StorageClass>STANDARD</StorageClass></Contents><Contents><Key>Partner/foscam@2x.png</Key><LastModified>2014-03-11T19:53:09.000Z</LastModified><ETag>&quot;acfe28c663433a73b884dbb4be4c9fe1&quot;</ETag><Size>12019</Size><StorageClass>STANDARD</StorageClass></Contents><Contents><Key>Partner/harmony.png</Key><LastModified>2014-08-12T21:17:07.000Z</LastModified><ETag>&quot;89d52dce24958028435b57025fad2586&quot;</ETag><Size>2800</Size><StorageClass>STANDARD</StorageClass></Contents><Contents><Key>Partner/harmony@2x.png</Key><LastModified>2014-08-12T21:17:08.000Z</LastModified><ETag>&quot;3b60edbd55d2614e999a11f927ae5c5a&quot;</ETag><Size>4664</Size><StorageClass>STANDARD</StorageClass></Contents><Contents><Key>Partner/hue.png</Key><LastModified>2013-12-11T19:57:53.000Z</LastModified><ETag>&quot;f777035ddbc186ef3e89f6c55b457119&quot;</ETag><Size>5055</Size><StorageClass>STANDARD</StorageClass></Contents><Contents><Key>Partner/hue@2x.png</Key><LastModified>2013-12-11T19:57:53.000Z</LastModified><ETag>&quot;c0d3b7ea671e2c23992d729c538a68b3&quot;</ETag><Size>13513</Size><StorageClass>STANDARD</StorageClass></Contents><Contents><Key>Partner/hue@3x.png</Key><LastModified>2014-11-05T21:40:28.000Z</LastModified><ETag>&quot;7012bd5706a768854a6da8d1bd384601&quot;</ETag><Size>18119</Size><StorageClass>STANDARD</StorageClass></Contents><Contents><Key>Partner/ibeacon.png</Key><LastModified>2014-02-23T21:56:41.000Z</LastModified><ETag>&quot;21545b74b29bf60652451eb21e73e836&quot;</ETag><Size>18930</Size><StorageClass>STANDARD</StorageClass></Contents><Contents><Key>Partner/ibeacon@2x.png</Key><LastModified>2014-02-23T21:56:42.000Z</LastModified><ETag>&quot;e0770ba94a4d386ecdd74452bc27189b&quot;</ETag><Size>28396</Size><StorageClass>STANDARD</StorageClass></Contents><Contents><Key>Partner/ifttt.png</Key><LastModified>2013-04-09T20:47:09.000Z</LastModified><ETag>&quot;78e1b195851941d62cbfe42da55eb73f&quot;</ETag><Size>1902</Size><StorageClass>STANDARD</StorageClass></Contents><Contents><Key>Partner/ifttt@2x.png</Key><LastModified>2013-04-09T20:47:10.000Z</LastModified><ETag>&quot;ec542279010ba4f7ef2edadb3af69ade&quot;</ETag><Size>2286</Size><StorageClass>STANDARD</StorageClass></Contents><Contents><Key>Partner/jawbone-up.png</Key><LastModified>2014-05-20T20:43:18.000Z</LastModified><ETag>&quot;0777dde498650bc47d6fa1711e293d1b&quot;</ETag><Size>4761</Size><StorageClass>STANDARD</StorageClass></Contents><Contents><Key>Partner/jawbone-up@2x.png</Key><LastModified>2014-05-20T20:43:19.000Z</LastModified><ETag>&quot;910b9a8f18a7e4edbc8f8fe7fbfa731b&quot;</ETag><Size>11214</Size><StorageClass>STANDARD</StorageClass></Contents><Contents><Key>Partner/life360.png</Key><LastModified>2013-12-11T19:34:00.000Z</LastModified><ETag>&quot;daf11fa5aeae3ceb2a6a7966bede538c&quot;</ETag><Size>3979</Size><StorageClass>STANDARD</StorageClass></Contents><Contents><Key>Partner/life360@2x.png</Key><LastModified>2013-12-11T19:34:00.000Z</LastModified><ETag>&quot;0c11117dfaee999c522ad9620e5d3c6c&quot;</ETag><Size>7011</Size><StorageClass>STANDARD</StorageClass></Contents><Contents><Key>Partner/nest.png</Key><LastModified>2014-04-01T19:28:56.000Z</LastModified><ETag>&quot;f911a52f5901defb28244b943894c863&quot;</ETag><Size>3011</Size><StorageClass>STANDARD</StorageClass></Contents><Contents><Key>Partner/nest@2x.png</Key><LastModified>2014-04-01T19:28:57.000Z</LastModified><ETag>&quot;1bc4b363143d0f1fc63b44cb51cf86dc&quot;</ETag><Size>3705</Size><StorageClass>STANDARD</StorageClass></Contents><Contents><Key>Partner/netamo-icon-1.png</Key><LastModified>2014-05-22T20:16:18.000Z</LastModified><ETag>&quot;ffe5a3a083eaebe7cedbead71e51146d&quot;</ETag><Size>3983</Size><StorageClass>STANDARD</StorageClass></Contents><Contents><Key>Partner/netamo-icon-1@2x.png</Key><LastModified>2014-05-22T20:16:19.000Z</LastModified><ETag>&quot;0673b46d16bd35808720d05fe4667fb2&quot;</ETag><Size>5383</Size><StorageClass>STANDARD</StorageClass></Contents><Contents><Key>Partner/photo-burst-when.png</Key><LastModified>2013-10-08T16:45:28.000Z</LastModified><ETag>&quot;39a02838571ad85e4bdf74b79bd39e43&quot;</ETag><Size>4407</Size><StorageClass>STANDARD</StorageClass></Contents><Contents><Key>Partner/photo-burst-when@2x.png</Key><LastModified>2013-10-08T16:45:29.000Z</LastModified><ETag>&quot;e0f5eb1d0e111d393133c1a4b745f88c&quot;</ETag><Size>6918</Size><StorageClass>STANDARD</StorageClass></Contents><Contents><Key>Partner/quirky.png</Key><LastModified>2014-04-01T15:26:23.000Z</LastModified><ETag>&quot;bb10e67366787880ea1b7e3152c7918e&quot;</ETag><Size>3631</Size><StorageClass>STANDARD</StorageClass></Contents><Contents><Key>Partner/quirky@2x.png</Key><LastModified>2014-04-01T15:26:24.000Z</LastModified><ETag>&quot;765c28426f9910dd72626f76e4ce0e1f&quot;</ETag><Size>8165</Size><StorageClass>STANDARD</StorageClass></Contents><Contents><Key>Partner/sonos.png</Key><LastModified>2014-01-03T16:37:10.000Z</LastModified><ETag>&quot;d739647be909709eb5c7c2a99bbd5b52&quot;</ETag><Size>2275</Size><StorageClass>STANDARD</StorageClass></Contents><Contents><Key>Partner/sonos@2x.png</Key><LastModified>2014-01-03T16:37:10.000Z</LastModified><ETag>&quot;7daf2a78329bcae8aa3c7c605d9d2114&quot;</ETag><Size>3736</Size><StorageClass>STANDARD</StorageClass></Contents><Contents><Key>Partner/support/</Key><LastModified>2013-10-15T13:39:02.000Z</LastModified><ETag>&quot;d41d8cd98f00b204e9800998ecf8427e&quot;</ETag><Size>0</Size><StorageClass>STANDARD</StorageClass></Contents><Contents><Key>Partner/support/connected-device-icn@2x.png</Key><LastModified>2013-10-15T13:41:59.000Z</LastModified><ETag>&quot;2142be1cb5c60a47d72bfb65d5be0102&quot;</ETag><Size>2645</Size><StorageClass>STANDARD</StorageClass></Contents><Contents><Key>Partner/support/st-logo@2x.png</Key><LastModified>2013-10-15T13:41:59.000Z</LastModified><ETag>&quot;87e784c18cd4c84ee9a498fb5e680ed9&quot;</ETag><Size>19937</Size><StorageClass>STANDARD</StorageClass></Contents><Contents><Key>Partner/tcp.png</Key><LastModified>2014-04-01T14:55:21.000Z</LastModified><ETag>&quot;9619837316fce595a1d90dc03c8d91a0&quot;</ETag><Size>3127</Size><StorageClass>STANDARD</StorageClass></Contents><Contents><Key>Partner/tcp@2x.png</Key><LastModified>2014-04-01T14:55:22.000Z</LastModified><ETag>&quot;cabf25bcfa6d1741d0fa0ca44f654c85&quot;</ETag><Size>5995</Size><StorageClass>STANDARD</StorageClass></Contents><Contents><Key>Partner/ubi-app-icn.png</Key><LastModified>2014-01-30T20:51:59.000Z</LastModified><ETag>&quot;e886ad450e061c4138edcccc786eacad&quot;</ETag><Size>5341</Size><StorageClass>STANDARD</StorageClass></Contents><Contents><Key>Partner/ubi-app-icn@2x.png</Key><LastModified>2014-01-30T20:52:01.000Z</LastModified><ETag>&quot;e89e4dd601f1557582fd76349e144afc&quot;</ETag><Size>12508</Size><StorageClass>STANDARD</StorageClass></Contents><Contents><Key>Partner/wattvision.png</Key><LastModified>2014-03-20T15:42:18.000Z</LastModified><ETag>&quot;a01936d69c61b9e307a074105974bd4c&quot;</ETag><Size>3687</Size><StorageClass>STANDARD</StorageClass></Contents><Contents><Key>Partner/wattvision@2x.png</Key><LastModified>2014-03-20T15:42:18.000Z</LastModified><ETag>&quot;8edc58a4161e5ad4189aaee366bf30c1&quot;</ETag><Size>6365</Size><StorageClass>STANDARD</StorageClass></Contents><Contents><Key>Partner/wemo.png</Key><LastModified>2013-12-11T19:57:54.000Z</LastModified><ETag>&quot;78682acba05f96e64384d98965a78b7f&quot;</ETag><Size>5183</Size><StorageClass>STANDARD</StorageClass></Contents><Contents><Key>Partner/wemo@2x.png</Key><LastModified>2013-12-11T19:57:55.000Z</LastModified><ETag>&quot;a516168b654e05d18718f26ce10540df&quot;</ETag><Size>12489</Size><StorageClass>STANDARD</StorageClass></Contents><Contents><Key>Partner/withings.png</Key><LastModified>2013-09-30T21:57:29.000Z</LastModified><ETag>&quot;b18d67e6188312056752fbd40c762dec&quot;</ETag><Size>2870</Size><StorageClass>STANDARD</StorageClass></Contents><Contents><Key>Partner/withings@2x.png</Key><LastModified>2013-09-30T21:57:30.000Z</LastModified><ETag>&quot;232b2004655fdb0ca302c01e1150edbd&quot;</ETag><Size>4533</Size><StorageClass>STANDARD</StorageClass></Contents><Contents><Key>Pets/</Key><LastModified>2012-09-04T04:20:10.000Z</LastModified><ETag>&quot;d41d8cd98f00b204e9800998ecf8427e&quot;</ETag><Size>0</Size><StorageClass>STANDARD</StorageClass></Contents><Contents><Key>Pets/App-CrateMonitor.png</Key><LastModified>2012-09-04T04:23:03.000Z</LastModified><ETag>&quot;0775bac9223ba7cca6cbb5a94c75f181&quot;</ETag><Size>8257</Size><StorageClass>STANDARD</StorageClass></Contents><Contents><Key>Pets/App-CrateMonitor@2x.png</Key><LastModified>2012-09-04T04:23:04.000Z</LastModified><ETag>&quot;9c174cc9ac8175f7a9f0ca5da5190598&quot;</ETag><Size>25306</Size><StorageClass>STANDARD</StorageClass></Contents><Contents><Key>Pets/App-Does___HaveWater.png</Key><LastModified>2012-09-04T04:23:05.000Z</LastModified><ETag>&quot;48130edad86bfca5d4cb1191d1af2506&quot;</ETag><Size>7992</Size><StorageClass>STANDARD</StorageClass></Contents><Contents><Key>Pets/App-Does___HaveWater@2x.png</Key><LastModified>2012-09-04T04:23:06.000Z</LastModified><ETag>&quot;3cce505a6ded21c3dd35125fe765f774&quot;</ETag><Size>24436</Size><StorageClass>STANDARD</StorageClass></Contents><Contents><Key>Pets/App-FeedMyPet.png</Key><LastModified>2012-09-04T04:23:07.000Z</LastModified><ETag>&quot;4c7b09da691fec1a03a30c00c6f9c3aa&quot;</ETag><Size>9268</Size><StorageClass>STANDARD</StorageClass></Contents><Contents><Key>Pets/App-FeedMyPet@2x.png</Key><LastModified>2012-09-04T04:23:08.000Z</LastModified><ETag>&quot;5c37924fc06f2a8cebbd044af1bd7594&quot;</ETag><Size>29801</Size><StorageClass>STANDARD</StorageClass></Contents><Contents><Key>Pets/App-OhNoMyPetIsLoose.png</Key><LastModified>2012-09-04T04:23:09.000Z</LastModified><ETag>&quot;4ac3448274e58a77399b45a40e8b455e&quot;</ETag><Size>8964</Size><StorageClass>STANDARD</StorageClass></Contents><Contents><Key>Pets/App-OhNoMyPetIsLoose@2x.png</Key><LastModified>2012-09-04T04:23:10.000Z</LastModified><ETag>&quot;642376c89440f493bab15f829c633eb1&quot;</ETag><Size>27957</Size><StorageClass>STANDARD</StorageClass></Contents><Contents><Key>Pets/Cat-Pets.png</Key><LastModified>2014-04-23T03:18:40.000Z</LastModified><ETag>&quot;fe4b4542153b35740bc205398de0c26b&quot;</ETag><Size>1821</Size><StorageClass>STANDARD</StorageClass></Contents><Contents><Key>Pets/Cat-Pets@2x.png</Key><LastModified>2014-04-23T03:18:41.000Z</LastModified><ETag>&quot;4f452bba53362f0a215e1939aeb5e6aa&quot;</ETag><Size>2496</Size><StorageClass>STANDARD</StorageClass></Contents><Contents><Key>Pets/Cat-Pets@3x.png</Key><LastModified>2014-10-24T16:48:09.000Z</LastModified><ETag>&quot;65a5bcdcbc1607a585f254fe5b96f3d7&quot;</ETag><Size>3821</Size><StorageClass>STANDARD</StorageClass></Contents><Contents><Key>Reviewers/</Key><LastModified>2014-04-23T03:22:39.000Z</LastModified><ETag>&quot;d41d8cd98f00b204e9800998ecf8427e&quot;</ETag><Size>0</Size><StorageClass>STANDARD</StorageClass></Contents><Contents><Key>Reviewers/Cat-Reviewers.png</Key><LastModified>2014-04-23T03:24:11.000Z</LastModified><ETag>&quot;52ce97d5bc58d74f665115c75554511d&quot;</ETag><Size>1889</Size><StorageClass>STANDARD</StorageClass></Contents><Contents><Key>Reviewers/Cat-Reviewers@2x.png</Key><LastModified>2014-04-23T03:24:12.000Z</LastModified><ETag>&quot;38089a7550702bcac68a4c6e164b5173&quot;</ETag><Size>2762</Size><StorageClass>STANDARD</StorageClass></Contents><Contents><Key>Reviewers/Cat-Reviewers@3x.png</Key><LastModified>2014-10-24T16:48:31.000Z</LastModified><ETag>&quot;aa34560c16fb6c9fb2e36f89744d75a7&quot;</ETag><Size>3541</Size><StorageClass>STANDARD</StorageClass></Contents><Contents><Key>SafetyAndSecurity/</Key><LastModified>2012-09-04T04:20:16.000Z</LastModified><ETag>&quot;d41d8cd98f00b204e9800998ecf8427e&quot;</ETag><Size>0</Size><StorageClass>STANDARD</StorageClass></Contents><Contents><Key>SafetyAndSecurity/App-AudioVisualSmokeAlarm.png</Key><LastModified>2012-09-04T04:23:33.000Z</LastModified><ETag>&quot;11ff4dbfeabeb9f9302bd5207410e6e6&quot;</ETag><Size>6834</Size><StorageClass>STANDARD</StorageClass></Contents><Contents><Key>SafetyAndSecurity/App-AudioVisualSmokeAlarm@2x.png</Key><LastModified>2012-09-04T04:23:34.000Z</LastModified><ETag>&quot;559b650f842ae00e69e441e31df03191&quot;</ETag><Size>21222</Size><StorageClass>STANDARD</StorageClass></Contents><Contents><Key>SafetyAndSecurity/App-IsItSafe.png</Key><LastModified>2012-09-04T04:23:35.000Z</LastModified><ETag>&quot;9143fcd090dc44b81dbfa06deb2ad834&quot;</ETag><Size>7551</Size><StorageClass>STANDARD</StorageClass></Contents><Contents><Key>SafetyAndSecurity/App-IsItSafe@2x.png</Key><LastModified>2012-09-04T04:23:36.000Z</LastModified><ETag>&quot;54481ee98d4fe8340e6c6bfa29361068&quot;</ETag><Size>21073</Size><StorageClass>STANDARD</StorageClass></Contents><Contents><Key>SafetyAndSecurity/App-MakeItLookLike.png</Key><LastModified>2012-09-04T04:23:37.000Z</LastModified><ETag>&quot;deb80a1f680caf7fe442536c172ad634&quot;</ETag><Size>7362</Size><StorageClass>STANDARD</StorageClass></Contents><Contents><Key>SafetyAndSecurity/App-MakeItLookLike@2x.png</Key><LastModified>2012-09-04T04:23:39.000Z</LastModified><ETag>&quot;364e5734494f363b77885870a315e6ea&quot;</ETag><Size>19721</Size><StorageClass>STANDARD</StorageClass></Contents><Contents><Key>SafetyAndSecurity/App-MindYourHome.png</Key><LastModified>2012-09-04T04:23:40.000Z</LastModified><ETag>&quot;a6fae3af7f9a1652b28e0e7cc52ae5c5&quot;</ETag><Size>5111</Size><StorageClass>STANDARD</StorageClass></Contents><Contents><Key>SafetyAndSecurity/App-MindYourHome@2x.png</Key><LastModified>2012-09-04T04:23:40.000Z</LastModified><ETag>&quot;28d7fc1d704e4976a43b78279262ce7c&quot;</ETag><Size>11801</Size><StorageClass>STANDARD</StorageClass></Contents><Contents><Key>SafetyAndSecurity/App-NeighborhoodNetwork.png</Key><LastModified>2012-09-04T04:23:41.000Z</LastModified><ETag>&quot;006bff40a7537173f1e214132df68874&quot;</ETag><Size>8443</Size><StorageClass>STANDARD</StorageClass></Contents><Contents><Key>SafetyAndSecurity/App-NeighborhoodNetwork@2x.png</Key><LastModified>2012-09-04T04:23:42.000Z</LastModified><ETag>&quot;c1cf0f867f516b647925700c9ecac29d&quot;</ETag><Size>26469</Size><StorageClass>STANDARD</StorageClass></Contents><Contents><Key>SafetyAndSecurity/App-Panic.png</Key><LastModified>2012-09-04T04:23:42.000Z</LastModified><ETag>&quot;c504c8284777048fa6df53f371c734f5&quot;</ETag><Size>7503</Size><StorageClass>STANDARD</StorageClass></Contents><Contents><Key>SafetyAndSecurity/App-Panic@2x.png</Key><LastModified>2012-09-04T04:23:43.000Z</LastModified><ETag>&quot;7153a379483db76753a166809ef624a9&quot;</ETag><Size>19980</Size><StorageClass>STANDARD</StorageClass></Contents><Contents><Key>SafetyAndSecurity/App-SevereWeather.png</Key><LastModified>2012-09-04T04:23:44.000Z</LastModified><ETag>&quot;6afe2999602212cd5ef91c7e41c8a850&quot;</ETag><Size>7203</Size><StorageClass>STANDARD</StorageClass></Contents><Contents><Key>SafetyAndSecurity/App-SevereWeather@2x.png</Key><LastModified>2012-09-04T04:23:45.000Z</LastModified><ETag>&quot;9d965244cb2f6d5012dd70e20ebd09e9&quot;</ETag><Size>19342</Size><StorageClass>STANDARD</StorageClass></Contents><Contents><Key>SafetyAndSecurity/App-UndeadEarlyWarning.png</Key><LastModified>2012-09-04T04:23:45.000Z</LastModified><ETag>&quot;ff6278a8715f506c66704b0cd1da8814&quot;</ETag><Size>8119</Size><StorageClass>STANDARD</StorageClass></Contents><Contents><Key>SafetyAndSecurity/App-UndeadEarlyWarning@2x.png</Key><LastModified>2012-09-04T04:23:47.000Z</LastModified><ETag>&quot;9a5c2070d0fbfdcfde0b6d7f1933476b&quot;</ETag><Size>23631</Size><StorageClass>STANDARD</StorageClass></Contents><Contents><Key>SafetyAndSecurity/Cat-SafetyAndSecurity.png</Key><LastModified>2014-04-23T03:19:26.000Z</LastModified><ETag>&quot;62b0bcab2ebb325205405d08d79d945a&quot;</ETag><Size>1803</Size><StorageClass>STANDARD</StorageClass></Contents><Contents><Key>SafetyAndSecurity/Cat-SafetyAndSecurity@2x.png</Key><LastModified>2014-04-23T03:19:27.000Z</LastModified><ETag>&quot;08d8ec3826f4758c4151e7e423bf90dc&quot;</ETag><Size>2642</Size><StorageClass>STANDARD</StorageClass></Contents><Contents><Key>SafetyAndSecurity/Cat-SafetyAndSecurity@3x.png</Key><LastModified>2014-10-24T16:48:56.000Z</LastModified><ETag>&quot;50020fd5d7ec6b53ea623d33d5417033&quot;</ETag><Size>4187</Size><StorageClass>STANDARD</StorageClass></Contents><Contents><Key>Samsung/</Key><LastModified>2014-10-07T21:02:47.000Z</LastModified><ETag>&quot;d41d8cd98f00b204e9800998ecf8427e&quot;</ETag><Size>0</Size><StorageClass>STANDARD</StorageClass></Contents><Contents><Key>Samsung/home.png</Key><LastModified>2014-10-08T15:42:51.000Z</LastModified><ETag>&quot;6ab686665c69873167f13339607337c7&quot;</ETag><Size>21659</Size><StorageClass>STANDARD</StorageClass></Contents><Contents><Key>Samsung/home@2x.png</Key><LastModified>2014-10-07T22:58:48.000Z</LastModified><ETag>&quot;28e07cb378eb6aa75924050912bf0c03&quot;</ETag><Size>30734</Size><StorageClass>STANDARD</StorageClass></Contents><Contents><Key>Samsung/samsung-remote.png</Key><LastModified>2015-01-19T20:28:31.000Z</LastModified><ETag>&quot;ff9839b5714930ee70f1e0595daf5dd3&quot;</ETag><Size>2684</Size><StorageClass>STANDARD</StorageClass></Contents><Contents><Key>Samsung/samsung-remote@2x.png</Key><LastModified>2015-01-19T20:28:32.000Z</LastModified><ETag>&quot;be2ed2a927950788980394eca26950e4&quot;</ETag><Size>5127</Size><StorageClass>STANDARD</StorageClass></Contents><Contents><Key>Samsung/samsung-remote@3x.png</Key><LastModified>2015-01-19T20:28:33.000Z</LastModified><ETag>&quot;9c6f8c3affdd7c16f07bc26e71eaea89&quot;</ETag><Size>6705</Size><StorageClass>STANDARD</StorageClass></Contents><Contents><Key>Solution/</Key><LastModified>2013-08-21T19:30:22.000Z</LastModified><ETag>&quot;d41d8cd98f00b204e9800998ecf8427e&quot;</ETag><Size>0</Size><StorageClass>STANDARD</StorageClass></Contents><Contents><Key>Solution/areas-active.png</Key><LastModified>2013-08-21T19:31:26.000Z</LastModified><ETag>&quot;b6cad68e2ec163ec063d2f3e995cf86d&quot;</ETag><Size>2408</Size><StorageClass>STANDARD</StorageClass></Contents><Contents><Key>Solution/areas-active@2x.png</Key><LastModified>2013-08-21T19:31:27.000Z</LastModified><ETag>&quot;b113468b4b258335ddac0cf04439c135&quot;</ETag><Size>2680</Size><StorageClass>STANDARD</StorageClass></Contents><Contents><Key>Solution/areas.png</Key><LastModified>2014-04-21T22:25:30.000Z</LastModified><ETag>&quot;92536c0fb45610e98d322d59e3970498&quot;</ETag><Size>1538</Size><StorageClass>STANDARD</StorageClass></Contents><Contents><Key>Solution/areas@2x.png</Key><LastModified>2014-04-21T22:25:31.000Z</LastModified><ETag>&quot;69920089d17b822b1d9454e6b2ae2c0c&quot;</ETag><Size>1823</Size><StorageClass>STANDARD</StorageClass></Contents><Contents><Key>Solution/camera.png</Key><LastModified>2014-12-31T22:13:58.000Z</LastModified><ETag>&quot;2f26860167ff5984e52f9f8dbe7aa730&quot;</ETag><Size>1909</Size><StorageClass>STANDARD</StorageClass></Contents><Contents><Key>Solution/camera@2x.png</Key><LastModified>2014-12-31T22:13:05.000Z</LastModified><ETag>&quot;11691a27c367bc93d4eef3cb6d7672f3&quot;</ETag><Size>2654</Size><StorageClass>STANDARD</StorageClass></Contents><Contents><Key>Solution/comfort-active.png</Key><LastModified>2013-08-21T19:31:29.000Z</LastModified><ETag>&quot;8e35ff49879544af51255da8cd50bfab&quot;</ETag><Size>3036</Size><StorageClass>STANDARD</StorageClass></Contents><Contents><Key>Solution/comfort-active@2x.png</Key><LastModified>2013-08-21T19:31:30.000Z</LastModified><ETag>&quot;809009af38fb0a3fd6315213051b88fb&quot;</ETag><Size>4356</Size><StorageClass>STANDARD</StorageClass></Contents><Contents><Key>Solution/comfort.png</Key><LastModified>2014-04-21T22:25:31.000Z</LastModified><ETag>&quot;d0787ee77d4d677ffbdbd3f86814d1d7&quot;</ETag><Size>1831</Size><StorageClass>STANDARD</StorageClass></Contents><Contents><Key>Solution/comfort@2x.png</Key><LastModified>2014-04-21T22:25:31.000Z</LastModified><ETag>&quot;60152c948824a85adf9966651ba00a3e&quot;</ETag><Size>2458</Size><StorageClass>STANDARD</StorageClass></Contents><Contents><Key>Solution/dangers-active.png</Key><LastModified>2013-08-21T19:31:31.000Z</LastModified><ETag>&quot;dbd3c9e12511e19ef495ae690da031d0&quot;</ETag><Size>2228</Size><StorageClass>STANDARD</StorageClass></Contents><Contents><Key>Solution/dangers-active@2x.png</Key><LastModified>2013-08-21T19:31:31.000Z</LastModified><ETag>&quot;89113ffe26771feb6cebaaf8b8d0378e&quot;</ETag><Size>2818</Size><StorageClass>STANDARD</StorageClass></Contents><Contents><Key>Solution/dangers.png</Key><LastModified>2014-04-21T22:25:32.000Z</LastModified><ETag>&quot;10d7471cd2e712ba7dfda97bfaf2cf2a&quot;</ETag><Size>1627</Size><StorageClass>STANDARD</StorageClass></Contents><Contents><Key>Solution/dangers@2x.png</Key><LastModified>2014-04-21T22:25:33.000Z</LastModified><ETag>&quot;99297d81d008579d576d9894dd27d96c&quot;</ETag><Size>2107</Size><StorageClass>STANDARD</StorageClass></Contents><Contents><Key>Solution/doors-active.png</Key><LastModified>2013-08-21T19:31:33.000Z</LastModified><ETag>&quot;a25476e8ab7011d2424d3b24d4af453b&quot;</ETag><Size>2284</Size><StorageClass>STANDARD</StorageClass></Contents><Contents><Key>Solution/doors-active@2x.png</Key><LastModified>2013-08-21T19:31:33.000Z</LastModified><ETag>&quot;01d8cd348ac71fa9bb67b684dd57cf10&quot;</ETag><Size>2513</Size><StorageClass>STANDARD</StorageClass></Contents><Contents><Key>Solution/doors-locks-active.png</Key><LastModified>2013-09-14T12:47:03.000Z</LastModified><ETag>&quot;a25476e8ab7011d2424d3b24d4af453b&quot;</ETag><Size>2284</Size><StorageClass>STANDARD</StorageClass></Contents><Contents><Key>Solution/doors-locks-active@2x.png</Key><LastModified>2013-09-14T12:47:37.000Z</LastModified><ETag>&quot;01d8cd348ac71fa9bb67b684dd57cf10&quot;</ETag><Size>2513</Size><StorageClass>STANDARD</StorageClass></Contents><Contents><Key>Solution/doors-locks.png</Key><LastModified>2013-09-14T12:47:16.000Z</LastModified><ETag>&quot;1c15c2f6604d5241b2e5baec518fb873&quot;</ETag><Size>2075</Size><StorageClass>STANDARD</StorageClass></Contents><Contents><Key>Solution/doors-locks@2x.png</Key><LastModified>2013-09-14T12:47:27.000Z</LastModified><ETag>&quot;59290df8d7a99d407ef405f5834a7c4e&quot;</ETag><Size>2423</Size><StorageClass>STANDARD</StorageClass></Contents><Contents><Key>Solution/doors.png</Key><LastModified>2014-04-21T22:25:33.000Z</LastModified><ETag>&quot;c02537cf63dbebad9005dfc5c2c92cc8&quot;</ETag><Size>1611</Size><StorageClass>STANDARD</StorageClass></Contents><Contents><Key>Solution/doors@2x.png</Key><LastModified>2014-04-21T22:25:33.000Z</LastModified><ETag>&quot;1eaba92d0dbda77ea1d7f624100c09d7&quot;</ETag><Size>2035</Size><StorageClass>STANDARD</StorageClass></Contents><Contents><Key>Solution/habits-active.png</Key><LastModified>2013-08-21T19:31:35.000Z</LastModified><ETag>&quot;36e940afc1202d0bf0e4d6b320075304&quot;</ETag><Size>3666</Size><StorageClass>STANDARD</StorageClass></Contents><Contents><Key>Solution/habits-active@2x.png</Key><LastModified>2013-08-21T19:31:35.000Z</LastModified><ETag>&quot;f25b7c19855065221a68855f7020a37b&quot;</ETag><Size>4919</Size><StorageClass>STANDARD</StorageClass></Contents><Contents><Key>Solution/habits.png</Key><LastModified>2013-08-21T19:31:36.000Z</LastModified><ETag>&quot;118d0a01f7aeeadfd3459663923a1da8&quot;</ETag><Size>3142</Size><StorageClass>STANDARD</StorageClass></Contents><Contents><Key>Solution/habits@2x.png</Key><LastModified>2013-08-21T19:31:36.000Z</LastModified><ETag>&quot;419896bbe42a5643b86ef562efe3ec76&quot;</ETag><Size>4632</Size><StorageClass>STANDARD</StorageClass></Contents><Contents><Key>Solution/indicator-dot-gray.png</Key><LastModified>2013-08-21T19:32:34.000Z</LastModified><ETag>&quot;8f75f66f4faa4e4f3d412df8f138e9d8&quot;</ETag><Size>1116</Size><StorageClass>STANDARD</StorageClass></Contents><Contents><Key>Solution/indicator-dot-gray@2x.png</Key><LastModified>2013-08-21T19:32:36.000Z</LastModified><ETag>&quot;d6fc5e07df50c4fb9ab3c57f70509ca5&quot;</ETag><Size>1227</Size><StorageClass>STANDARD</StorageClass></Contents><Contents><Key>Solution/indicator-dot-green.png</Key><LastModified>2013-08-21T19:32:36.000Z</LastModified><ETag>&quot;178e08f9da56cafe79c4db9657edf2c7&quot;</ETag><Size>1123</Size><StorageClass>STANDARD</StorageClass></Contents><Contents><Key>Solution/indicator-dot-green@2x.png</Key><LastModified>2013-08-21T19:32:37.000Z</LastModified><ETag>&quot;0e0cde19847d1b66e239371c918db140&quot;</ETag><Size>1260</Size><StorageClass>STANDARD</StorageClass></Contents><Contents><Key>Solution/indicator-dot-orange.png</Key><LastModified>2013-08-21T19:32:38.000Z</LastModified><ETag>&quot;b646d3e413a086dd9af0fc2034f04dcf&quot;</ETag><Size>1086</Size><StorageClass>STANDARD</StorageClass></Contents><Contents><Key>Solution/indicator-dot-orange@2x.png</Key><LastModified>2013-08-21T19:32:38.000Z</LastModified><ETag>&quot;00cf57adb2421573f44b92df30b16724&quot;</ETag><Size>1225</Size><StorageClass>STANDARD</StorageClass></Contents><Contents><Key>Solution/people-cars-active.png</Key><LastModified>2013-08-21T19:31:37.000Z</LastModified><ETag>&quot;f3bda0da35bb04f6a9a93465011af822&quot;</ETag><Size>2222</Size><StorageClass>STANDARD</StorageClass></Contents><Contents><Key>Solution/people-cars-active@2x.png</Key><LastModified>2013-08-21T19:31:38.000Z</LastModified><ETag>&quot;8db69d8dc835f127057e13609241bee4&quot;</ETag><Size>2852</Size><StorageClass>STANDARD</StorageClass></Contents><Contents><Key>Solution/people-cars.png</Key><LastModified>2014-04-21T22:25:35.000Z</LastModified><ETag>&quot;27d3d34f386fcd3f7bd3ef37e7a8f0dd&quot;</ETag><Size>1624</Size><StorageClass>STANDARD</StorageClass></Contents><Contents><Key>Solution/people-cars@2x.png</Key><LastModified>2014-04-21T22:25:36.000Z</LastModified><ETag>&quot;92d4d008650e3ea58d32b0a4eb1bd524&quot;</ETag><Size>2099</Size><StorageClass>STANDARD</StorageClass></Contents><Contents><Key>Solution/rule-builder.png</Key><LastModified>2014-04-21T22:25:36.000Z</LastModified><ETag>&quot;c9ebbcfeaabaf1924983ba423407839d&quot;</ETag><Size>1974</Size><StorageClass>STANDARD</StorageClass></Contents><Contents><Key>Solution/rule-builder@2x.png</Key><LastModified>2014-04-21T22:25:36.000Z</LastModified><ETag>&quot;f2ba0c49e581c2d417e9827329aa8d05&quot;</ETag><Size>2657</Size><StorageClass>STANDARD</StorageClass></Contents><Contents><Key>Solution/switches-active.png</Key><LastModified>2013-08-21T22:03:29.000Z</LastModified><ETag>&quot;224a2841f56ca9ab8375d4e1354d451f&quot;</ETag><Size>2649</Size><StorageClass>STANDARD</StorageClass></Contents><Contents><Key>Solution/switches-active@2x.png</Key><LastModified>2013-08-21T22:03:29.000Z</LastModified><ETag>&quot;d2bc28b580b2ddc581779a9124de2657&quot;</ETag><Size>3366</Size><StorageClass>STANDARD</StorageClass></Contents><Contents><Key>Solution/switches.png</Key><LastModified>2014-04-21T22:25:36.000Z</LastModified><ETag>&quot;aaa56afb61d03d0caaaa502c1295c99a&quot;</ETag><Size>1816</Size><StorageClass>STANDARD</StorageClass></Contents><Contents><Key>Solution/switches@2x.png</Key><LastModified>2014-04-21T22:25:37.000Z</LastModified><ETag>&quot;580c061b08ee13da3e99cc3ff069d305&quot;</ETag><Size>2514</Size><StorageClass>STANDARD</StorageClass></Contents><Contents><Key>Solution/tampering-active.png</Key><LastModified>2013-08-21T19:31:43.000Z</LastModified><ETag>&quot;c40c25e81800603e515fcb47f55b155d&quot;</ETag><Size>3412</Size><StorageClass>STANDARD</StorageClass></Contents><Contents><Key>Solution/tampering-active@2x.png</Key><LastModified>2013-08-21T19:31:44.000Z</LastModified><ETag>&quot;b8774b62beefcdf612df0a13de8a865d&quot;</ETag><Size>4979</Size><StorageClass>STANDARD</StorageClass></Contents><Contents><Key>Solution/tampering.png</Key><LastModified>2013-08-21T19:31:45.000Z</LastModified><ETag>&quot;d7ba0f145bb37b6697bc16cb5cdd0c89&quot;</ETag><Size>2977</Size><StorageClass>STANDARD</StorageClass></Contents><Contents><Key>Solution/tampering@2x.png</Key><LastModified>2013-08-21T19:31:46.000Z</LastModified><ETag>&quot;d1d669889fb9bc4c920e2dc27d6a6ce4&quot;</ETag><Size>4674</Size><StorageClass>STANDARD</StorageClass></Contents><Contents><Key>Unilever/</Key><LastModified>2013-02-15T14:52:08.000Z</LastModified><ETag>&quot;d41d8cd98f00b204e9800998ecf8427e&quot;</ETag><Size>0</Size><StorageClass>STANDARD</StorageClass></Contents><Contents><Key>Unilever/Knorr.png</Key><LastModified>2013-02-15T14:53:42.000Z</LastModified><ETag>&quot;b5f96852cc4d7d9601dbeb0cbea386c6&quot;</ETag><Size>6972</Size><StorageClass>STANDARD</StorageClass></Contents><Contents><Key>Unilever/Knorr@2x.png</Key><LastModified>2013-02-15T14:53:43.000Z</LastModified><ETag>&quot;948ae1ed5e43506234d13e70d754fbf5&quot;</ETag><Size>14853</Size><StorageClass>STANDARD</StorageClass></Contents><Contents><Key>untitled folder/</Key><LastModified>2015-01-05T17:36:40.000Z</LastModified><ETag>&quot;d41d8cd98f00b204e9800998ecf8427e&quot;</ETag><Size>0</Size><StorageClass>STANDARD</StorageClass></Contents></ListBucketResult>